Parameters,Cumulative Return,Sharpe Ratio,Max Drawdown,Time
"{'window': 15, 'allocation_per_trade': 25, 'stop_loss_pct': 0.015, 'take_profit_pct': 0.04}",0.0029809079507056697,0.045933403315000204,-0.015789322392539717,25.953217267990112
"{'window': 15, 'allocation_per_trade': 25, 'stop_loss_pct': 0.015, 'take_profit_pct': 0.05}",0.003979180969449522,0.04537996995673073,-0.016793787113740355,28.371705532073975
"{'window': 15, 'allocation_per_trade': 25, 'stop_loss_pct': 0.015, 'take_profit_pct': 0.06}",0.0049840544754466,0.0451052653682584,-0.017756841017419256,26.4648277759552
"{'window': 15, 'allocation_per_trade': 25, 'stop_loss_pct': 0.015, 'take_profit_pct': 0.07}",-0.0009995105374178775,0.02115352462685473,-0.019607943138398087,25.59082865715027
"{'window': 15, 'allocation_per_trade': 25, 'stop_loss_pct': 0.02, 'take_profit_pct': 0.04}",-0.000998359309082458,0.022142021568719864,-0.019607943138398087,26.849727869033813
"{'window': 15, 'allocation_per_trade': 25, 'stop_loss_pct': 0.02, 'take_profit_pct': 0.05}",0.0009997014427712487,0.02767489851937402,-0.019607943138398087,25.669071435928345
"{'window': 15, 'allocation_per_trade': 25, 'stop_loss_pct': 0.02, 'take_profit_pct': 0.06}",0.0009997014427712487,0.027553293916550363,-0.019607943138398087,25.618353366851807
"{'window': 15, 'allocation_per_trade': 25, 'stop_loss_pct': 0.02, 'take_profit_pct': 0.07}",0.0009997014427712487,0.027458911816316014,-0.019607943138398087,25.640212297439575
"{'window': 15, 'allocation_per_trade': 25, 'stop_loss_pct': 0.025, 'take_profit_pct': 0.04}",0.0009997014427712487,0.02738353292880059,-0.019607943138398087,25.64892292022705
"{'window': 15, 'allocation_per_trade': 25, 'stop_loss_pct': 0.025, 'take_profit_pct': 0.05}",0.0009997014427712487,0.027321943833010173,-0.019607943138398087,25.721505165100098
"{'window': 15, 'allocation_per_trade': 25, 'stop_loss_pct': 0.025, 'take_profit_pct': 0.06}",0.0009997014427712487,0.027270678126689644,-0.019607943138398087,26.583542346954346
"{'window': 15, 'allocation_per_trade': 25, 'stop_loss_pct': 0.025, 'take_profit_pct': 0.07}",0.0009997014427712487,0.027227341277327056,-0.019607943138398087,26.89621353149414
"{'window': 15, 'allocation_per_trade': 25, 'stop_loss_pct': 0.03, 'take_profit_pct': 0.04}",0.0009997014427712487,0.027190226086574117,-0.019607943138398087,25.953490018844604
"{'window': 15, 'allocation_per_trade': 25, 'stop_loss_pct': 0.03, 'take_profit_pct': 0.05}",0.0009997014427712487,0.02715808260421015,-0.019607943138398087,25.983336687088013
"{'window': 15, 'allocation_per_trade': 25, 'stop_loss_pct': 0.03, 'take_profit_pct': 0.06}",0.0009997014427712487,0.02712997466241341,-0.019607943138398087,26.38107204437256
"{'window': 15, 'allocation_per_trade': 25, 'stop_loss_pct': 0.03, 'take_profit_pct': 0.07}",0.0009997014427712487,0.02710518723368229,-0.019607943138398087,26.133374214172363
"{'window': 15, 'allocation_per_trade': 50, 'stop_loss_pct': 0.015, 'take_profit_pct': 0.04}",0.0009997014427712487,0.02708316477916496,-0.019607943138398087,25.6221981048584
"{'window': 15, 'allocation_per_trade': 50, 'stop_loss_pct': 0.015, 'take_profit_pct': 0.05}",0.0009997014427712487,0.027063469132030952,-0.019607943138398087,25.436286449432373
"{'window': 15, 'allocation_per_trade': 50, 'stop_loss_pct': 0.015, 'take_profit_pct': 0.06}",0.0009997014427712487,0.02704575005689761,-0.019607943138398087,25.31253695487976
"{'window': 15, 'allocation_per_trade': 50, 'stop_loss_pct': 0.015, 'take_profit_pct': 0.07}",0.0009997014427712487,0.027029724247071077,-0.019607943138398087,25.793400287628174
"{'window': 15, 'allocation_per_trade': 50, 'stop_loss_pct': 0.02, 'take_profit_pct': 0.04}",0.0009997014427712487,0.027015160066967643,-0.019607943138398087,25.03276538848877
"{'window': 15, 'allocation_per_trade': 50, 'stop_loss_pct': 0.02, 'take_profit_pct': 0.05}",0.0009997014427712487,0.02700186628624301,-0.019607943138398087,25.05266046524048
"{'window': 15, 'allocation_per_trade': 50, 'stop_loss_pct': 0.02, 'take_profit_pct': 0.06}",0.0009997014427712487,0.02698968363820977,-0.019607943138398087,25.07454800605774
"{'window': 15, 'allocation_per_trade': 50, 'stop_loss_pct': 0.02, 'take_profit_pct': 0.07}",0.0009997014427712487,0.026978478409662564,-0.019607943138398087,25.445116758346558
"{'window': 15, 'allocation_per_trade': 50, 'stop_loss_pct': 0.025, 'take_profit_pct': 0.04}",0.0009997014427712487,0.02696813751380271,-0.019607943138398087,26.71422028541565
"{'window': 15, 'allocation_per_trade': 50, 'stop_loss_pct': 0.025, 'take_profit_pct': 0.05}",0.0009997014427712487,0.026958564660808943,-0.019607943138398087,25.519511461257935
"{'window': 15, 'allocation_per_trade': 50, 'stop_loss_pct': 0.025, 'take_profit_pct': 0.06}",0.0009997014427712487,0.026949677350988743,-0.019607943138398087,25.416873693466187
"{'window': 15, 'allocation_per_trade': 50, 'stop_loss_pct': 0.025, 'take_profit_pct': 0.07}",0.0009997014427712487,0.026941404491497168,-0.019607943138398087,25.262408018112183
"{'window': 15, 'allocation_per_trade': 50, 'stop_loss_pct': 0.03, 'take_profit_pct': 0.04}",0.0009997014427712487,0.026933684490797877,-0.019607943138398087,26.14001154899597
"{'window': 15, 'allocation_per_trade': 50, 'stop_loss_pct': 0.03, 'take_profit_pct': 0.05}",0.0009997014427712487,0.0269264637227539,-0.019607943138398087,25.2208833694458
"{'window': 15, 'allocation_per_trade': 50, 'stop_loss_pct': 0.03, 'take_profit_pct': 0.06}",0.0009997014427712487,0.026919695279320303,-0.019607943138398087,25.620564222335815
"{'window': 15, 'allocation_per_trade': 50, 'stop_loss_pct': 0.03, 'take_profit_pct': 0.07}",-0.000998359309082458,0.025857979502673878,-0.019607943138398087,25.729207754135132
"{'window': 15, 'allocation_per_trade': 75, 'stop_loss_pct': 0.015, 'take_profit_pct': 0.04}",-0.0009995105374178775,0.025856780541854935,-0.019607943138398087,25.421249866485596
"{'window': 15, 'allocation_per_trade': 75, 'stop_loss_pct': 0.015, 'take_profit_pct': 0.05}",0.0049840544754466,0.028881285535647262,-0.019607943138398087,26.037226676940918
"{'window': 15, 'allocation_per_trade': 75, 'stop_loss_pct': 0.015, 'take_profit_pct': 0.06}",0.0029809079507056697,0.027784256147714476,-0.019607943138398087,24.975048542022705
"{'window': 15, 'allocation_per_trade': 75, 'stop_loss_pct': 0.015, 'take_profit_pct': 0.07}",0.0009997014427712487,0.026803157705158467,-0.019607943138398087,25.426437854766846
"{'window': 15, 'allocation_per_trade': 75, 'stop_loss_pct': 0.02, 'take_profit_pct': 0.04}",-0.000998359309082458,0.02588020883342759,-0.019607943138398087,25.248043298721313
"{'window': 15, 'allocation_per_trade': 75, 'stop_loss_pct': 0.02, 'take_profit_pct': 0.05}",-0.0009977811417176458,0.025878187860410663,-0.019607943138398087,26.054009675979614
"{'window': 15, 'allocation_per_trade': 75, 'stop_loss_pct': 0.02, 'take_profit_pct': 0.06}",0.0049840544754466,0.028534607011825804,-0.019607943138398087,26.068647861480713
"{'window': 15, 'allocation_per_trade': 75, 'stop_loss_pct': 0.02, 'take_profit_pct': 0.07}",0.0029809079507056697,0.027575882236167953,-0.019607943138398087,25.403972148895264
"{'window': 15, 'allocation_per_trade': 75, 'stop_loss_pct': 0.025, 'take_profit_pct': 0.04}",0.0009997014427712487,0.026713602903016314,-0.019607943138398087,25.061386346817017
"{'window': 15, 'allocation_per_trade': 75, 'stop_loss_pct': 0.025, 'take_profit_pct': 0.05}",-0.000998359309082458,0.025897332410527538,-0.019607943138398087,25.14005708694458
"{'window': 15, 'allocation_per_trade': 75, 'stop_loss_pct': 0.025, 'take_profit_pct': 0.06}",-0.0009977811417176458,0.02589517382063743,-0.019607943138398087,25.766342163085938
"{'window': 15, 'allocation_per_trade': 75, 'stop_loss_pct': 0.025, 'take_profit_pct': 0.07}",0.0049840544754466,0.028263166086988235,-0.019607943138398087,25.33210849761963
"{'window': 15, 'allocation_per_trade': 75, 'stop_loss_pct': 0.03, 'take_profit_pct': 0.04}",0.0029809079507056697,0.02741182351803123,-0.019607943138398087,25.25144386291504
"{'window': 15, 'allocation_per_trade': 75, 'stop_loss_pct': 0.03, 'take_profit_pct': 0.05}",0.0009997014427712487,0.026642705829655656,-0.019607943138398087,26.632120847702026
"{'window': 15, 'allocation_per_trade': 75, 'stop_loss_pct': 0.03, 'take_profit_pct': 0.06}",-0.000998359309082458,0.025911004379175775,-0.019607943138398087,25.429717302322388
"{'window': 15, 'allocation_per_trade': 75, 'stop_loss_pct': 0.03, 'take_profit_pct': 0.07}",-0.0009977811417176458,0.025908800619780382,-0.019607943138398087,26.198825359344482
"{'window': 15, 'allocation_per_trade': 100, 'stop_loss_pct': 0.015, 'take_profit_pct': 0.04}",0.0029809079507056697,0.02731357376796677,-0.019607943138398087,25.37080979347229
"{'window': 15, 'allocation_per_trade': 100, 'stop_loss_pct': 0.015, 'take_profit_pct': 0.05}",-0.0009979150893077561,0.025914768506935387,-0.019607943138398087,25.19582438468933
"{'window': 15, 'allocation_per_trade': 100, 'stop_loss_pct': 0.015, 'take_profit_pct': 0.06}",0.0049840544754466,0.027970102565401236,-0.019607943138398087,25.348947048187256
"{'window': 15, 'allocation_per_trade': 100, 'stop_loss_pct': 0.015, 'take_profit_pct': 0.07}",0.0009997014427712487,0.02660137737564975,-0.019607943138398087,25.275719165802002
"{'window': 15, 'allocation_per_trade': 100, 'stop_loss_pct': 0.02, 'take_profit_pct': 0.04}",-0.0009977811417176458,0.025923067830284047,-0.019607943138398087,26.104153156280518
"{'window': 15, 'allocation_per_trade': 100, 'stop_loss_pct': 0.02, 'take_profit_pct': 0.05}",0.0029809079507056697,0.02720212338801512,-0.019607943138398087,25.327518224716187
"{'window': 15, 'allocation_per_trade': 100, 'stop_loss_pct': 0.02, 'take_profit_pct': 0.06}",-0.0009979150893077561,0.025928015837197414,-0.019607943138398087,25.11443066596985
"{'window': 15, 'allocation_per_trade': 100, 'stop_loss_pct': 0.02, 'take_profit_pct': 0.07}",0.0049840544754466,0.02780595916006255,-0.019607943138398087,25.271048307418823
"{'window': 15, 'allocation_per_trade': 100, 'stop_loss_pct': 0.025, 'take_profit_pct': 0.04}",0.0009997014427712487,0.02655601506175208,-0.019607943138398087,25.202731609344482
"{'window': 15, 'allocation_per_trade': 100, 'stop_loss_pct': 0.025, 'take_profit_pct': 0.05}",0.0049840544754466,0.02775157884777161,-0.019607943138398087,25.635934591293335
"{'window': 15, 'allocation_per_trade': 100, 'stop_loss_pct': 0.025, 'take_profit_pct': 0.06}",-0.0009979150893077561,0.025955660084699128,-0.019607943138398087,25.228052854537964
"{'window': 15, 'allocation_per_trade': 100, 'stop_loss_pct': 0.025, 'take_profit_pct': 0.07}",0.0029809079507056697,0.02710956515851153,-0.019607943138398087,25.947376251220703
"{'window': 15, 'allocation_per_trade': 100, 'stop_loss_pct': 0.03, 'take_profit_pct': 0.04}",-0.0009977811417176458,0.02593619800572212,-0.019607943138398087,25.11730933189392
"{'window': 15, 'allocation_per_trade': 100, 'stop_loss_pct': 0.03, 'take_profit_pct': 0.05}",0.0009997014427712487,0.02651986902095675,-0.019607943138398087,26.19605565071106
"{'window': 15, 'allocation_per_trade': 100, 'stop_loss_pct': 0.03, 'take_profit_pct': 0.06}",0.0049840544754466,0.027623882471360474,-0.019607943138398087,24.91070246696472
"{'window': 15, 'allocation_per_trade': 100, 'stop_loss_pct': 0.03, 'take_profit_pct': 0.07}",-0.0009979150893077561,0.02596613849588938,-0.019607943138398087,25.105597019195557
"{'window': 20, 'allocation_per_trade': 25, 'stop_loss_pct': 0.015, 'take_profit_pct': 0.04}",0.0029809079507056697,0.027033667959295,-0.019607943138398087,25.12450385093689
"{'window': 20, 'allocation_per_trade': 25, 'stop_loss_pct': 0.015, 'take_profit_pct': 0.05}",-0.0009977811417176458,0.02594782047649468,-0.019607943138398087,25.172622442245483
"{'window': 20, 'allocation_per_trade': 25, 'stop_loss_pct': 0.015, 'take_profit_pct': 0.06}",0.0009997014427712487,0.026488971881654524,-0.019607943138398087,26.11394190788269
"{'window': 20, 'allocation_per_trade': 25, 'stop_loss_pct': 0.015, 'take_profit_pct': 0.07}",0.0049840544754466,0.02751445721435687,-0.019607943138398087,25.225039958953857
"{'window': 20, 'allocation_per_trade': 25, 'stop_loss_pct': 0.02, 'take_profit_pct': 0.04}",-0.0009979150893077561,0.025975144511462555,-0.019607943138398087,25.34247851371765
"{'window': 20, 'allocation_per_trade': 25, 'stop_loss_pct': 0.02, 'take_profit_pct': 0.05}",0.001982123050367046,0.026728687735622713,-0.019607943138398087,25.276572227478027
"{'window': 20, 'allocation_per_trade': 25, 'stop_loss_pct': 0.02, 'take_profit_pct': 0.06}",0.0049840544754466,0.027462062451895915,-0.019607943138398087,25.21434187889099
"{'window': 20, 'allocation_per_trade': 25, 'stop_loss_pct': 0.02, 'take_profit_pct': 0.07}",-0.0019946306274590837,0.02573131522987099,-0.019607943138398087,26.230228662490845
"{'window': 20, 'allocation_per_trade': 25, 'stop_loss_pct': 0.025, 'take_profit_pct': 0.04}",-0.0009948693361023129,0.025989286775323174,-0.019607943138398087,27.164165258407593
"{'window': 20, 'allocation_per_trade': 25, 'stop_loss_pct': 0.025, 'take_profit_pct': 0.05}",0.003979180969449522,0.027187484595364058,-0.019607943138398087,25.17056965827942
"{'window': 20, 'allocation_per_trade': 25, 'stop_loss_pct': 0.025, 'take_profit_pct': 0.06}",-0.0009977811417176458,0.02599232787657027,-0.019607943138398087,25.32279658317566
"{'window': 20, 'allocation_per_trade': 25, 'stop_loss_pct': 0.025, 'take_profit_pct': 0.07}",-0.0019946306274590837,0.02575870789815134,-0.019607943138398087,26.19500422477722
"{'window': 20, 'allocation_per_trade': 25, 'stop_loss_pct': 0.03, 'take_profit_pct': 0.04}",0.0029809079507056697,0.02689775620519219,-0.019607943138398087,24.922672033309937
"{'window': 20, 'allocation_per_trade': 25, 'stop_loss_pct': 0.03, 'take_profit_pct': 0.05}",-0.0019946306274590837,0.02574233683129602,-0.019607943138398087,25.10553216934204
"{'window': 20, 'allocation_per_trade': 25, 'stop_loss_pct': 0.03, 'take_profit_pct': 0.06}",-0.0009979150893077561,0.02598722746192526,-0.019607943138398087,25.13490080833435
"{'window': 20, 'allocation_per_trade': 25, 'stop_loss_pct': 0.03, 'take_profit_pct': 0.07}",1.4023475941133592e-06,0.026207424788731323,-0.019607943138398087,25.55122947692871
"{'window': 20, 'allocation_per_trade': 50, 'stop_loss_pct': 0.015, 'take_profit_pct': 0.04}",0.0049840544754466,0.027294484917034845,-0.019607943138398087,26.118772268295288
"{'window': 20, 'allocation_per_trade': 50, 'stop_loss_pct': 0.015, 'take_profit_pct': 0.05}",-0.0019946306274590837,0.025771856411119898,-0.019607943138398087,24.91350221633911
"{'window': 20, 'allocation_per_trade': 50, 'stop_loss_pct': 0.015, 'take_profit_pct': 0.06}",-0.0009948693361023129,0.02599898864913865,-0.019607943138398087,25.087323665618896
"{'window': 20, 'allocation_per_trade': 50, 'stop_loss_pct': 0.015, 'take_profit_pct': 0.07}",0.003979180969449522,0.027057782746902022,-0.019607943138398087,25.4612295627594
"{'window': 20, 'allocation_per_trade': 50, 'stop_loss_pct': 0.02, 'take_profit_pct': 0.04}",-0.0009977811417176458,0.026001458484391365,-0.019607943138398087,25.316890239715576
"{'window': 20, 'allocation_per_trade': 50, 'stop_loss_pct': 0.02, 'take_profit_pct': 0.05}",-0.0019946306274590837,0.025794279357470667,-0.019607943138398087,26.207629680633545
"{'window': 20, 'allocation_per_trade': 50, 'stop_loss_pct': 0.02, 'take_profit_pct': 0.06}",0.0029809079507056697,0.026804928295590665,-0.019607943138398087,25.17174196243286
"{'window': 20, 'allocation_per_trade': 50, 'stop_loss_pct': 0.02, 'take_profit_pct': 0.07}",-0.0019946306274590837,0.025778981412240158,-0.019607943138398087,25.42934250831604
"{'window': 20, 'allocation_per_trade': 50, 'stop_loss_pct': 0.025, 'take_profit_pct': 0.04}",-0.0009979150893077561,0.02599652871185569,-0.019607943138398087,25.088672161102295
"{'window': 20, 'allocation_per_trade': 50, 'stop_loss_pct': 0.025, 'take_profit_pct': 0.05}",1.4023475941133592e-06,0.026192689096837578,-0.019607943138398087,25.596256017684937
"{'window': 20, 'allocation_per_trade': 50, 'stop_loss_pct': 0.025, 'take_profit_pct': 0.06}",0.0049840544754466,0.02716296960741396,-0.019607943138398087,25.358811140060425
"{'window': 20, 'allocation_per_trade': 50, 'stop_loss_pct': 0.025, 'take_profit_pct': 0.07}",-0.0019946306274590837,0.025803779242001862,-0.019607943138398087,25.73640513420105
"{'window': 20, 'allocation_per_trade': 50, 'stop_loss_pct': 0.03, 'take_profit_pct': 0.04}",-0.0009948693361023129,0.026006657763226308,-0.019607943138398087,25.157522439956665
"{'window': 20, 'allocation_per_trade': 50, 'stop_loss_pct': 0.03, 'take_profit_pct': 0.05}",0.003979180969449522,0.02695510557535149,-0.019607943138398087,25.350808143615723
"{'window': 20, 'allocation_per_trade': 50, 'stop_loss_pct': 0.03, 'take_profit_pct': 0.06}",-0.0009977811417176458,0.026008715592570914,-0.019607943138398087,25.98255228996277
"{'window': 20, 'allocation_per_trade': 50, 'stop_loss_pct': 0.03, 'take_profit_pct': 0.07}",-0.0019946306274590837,0.025828951752385806,-0.019607943138398087,25.07375693321228
"{'window': 20, 'allocation_per_trade': 75, 'stop_loss_pct': 0.015, 'take_profit_pct': 0.04}",-0.0009979150893077561,0.026028197282425353,-0.019607943138398087,25.27915334701538
"{'window': 20, 'allocation_per_trade': 75, 'stop_loss_pct': 0.015, 'take_profit_pct': 0.05}",-0.0019946306274590837,0.02584576407370175,-0.019607943138398087,28.494258165359497
"{'window': 20, 'allocation_per_trade': 75, 'stop_loss_pct': 0.015, 'take_profit_pct': 0.06}",-0.0009948693361023129,0.026035977529674847,-0.019607943138398087,25.721099615097046
"{'window': 20, 'allocation_per_trade': 75, 'stop_loss_pct': 0.015, 'take_profit_pct': 0.07}",1.4023475941133592e-06,0.02621175357722902,-0.019607943138398087,26.600646495819092
"{'window': 20, 'allocation_per_trade': 75, 'stop_loss_pct': 0.02, 'take_profit_pct': 0.04}",-0.0019946306274590837,0.025844403406920496,-0.019607943138398087,25.692551374435425
"{'window': 20, 'allocation_per_trade': 75, 'stop_loss_pct': 0.02, 'take_profit_pct': 0.05}",-0.0009967372242590462,0.026026052230246982,-0.019607943138398087,25.50495982170105
"{'window': 20, 'allocation_per_trade': 75, 'stop_loss_pct': 0.02, 'take_profit_pct': 0.06}",-0.0019946306274590837,0.025841439966554157,-0.019607943138398087,25.10286259651184
"{'window': 20, 'allocation_per_trade': 75, 'stop_loss_pct': 0.02, 'take_profit_pct': 0.07}",1.4023475941133592e-06,0.026185504176465733,-0.019607943138398087,25.955634832382202
"{'window': 20, 'allocation_per_trade': 75, 'stop_loss_pct': 0.025, 'take_profit_pct': 0.04}",-0.0009948693361023129,0.02602031011877405,-0.019607943138398087,25.38853907585144
"{'window': 20, 'allocation_per_trade': 75, 'stop_loss_pct': 0.025, 'take_profit_pct': 0.05}",-0.0019946306274590837,0.025850879499864615,-0.019607943138398087,25.2616069316864
"{'window': 20, 'allocation_per_trade': 75, 'stop_loss_pct': 0.025, 'take_profit_pct': 0.06}",-0.0009979150893077561,0.02603162617686322,-0.019607943138398087,25.258660554885864
"{'window': 20, 'allocation_per_trade': 75, 'stop_loss_pct': 0.025, 'take_profit_pct': 0.07}",-0.0019946306274590837,0.025871396616890155,-0.019607943138398087,25.148903846740723
"{'window': 20, 'allocation_per_trade': 75, 'stop_loss_pct': 0.03, 'take_profit_pct': 0.04}",-0.0009977811417176458,0.02603483328556459,-0.019607943138398087,26.273789882659912
"{'window': 20, 'allocation_per_trade': 75, 'stop_loss_pct': 0.03, 'take_profit_pct': 0.05}",-0.0019946306274590837,0.025869525854481972,-0.019607943138398087,25.61236000061035
"{'window': 20, 'allocation_per_trade': 75, 'stop_loss_pct': 0.03, 'take_profit_pct': 0.06}",-0.0019946306274590837,0.02586133099939405,-0.019607943138398087,25.306022882461548
"{'window': 20, 'allocation_per_trade': 75, 'stop_loss_pct': 0.03, 'take_profit_pct': 0.07}",-0.0009948693361023129,0.026029765989220716,-0.019607943138398087,25.175073862075806
"{'window': 20, 'allocation_per_trade': 100, 'stop_loss_pct': 0.015, 'take_profit_pct': 0.04}",-0.0009979150893077561,0.026040363287444992,-0.019607943138398087,28.59908962249756
"{'window': 20, 'allocation_per_trade': 100, 'stop_loss_pct': 0.015, 'take_profit_pct': 0.05}",-0.0009977811417176458,0.02603825429460102,-0.019607943138398087,31.400862216949463
"{'window': 20, 'allocation_per_trade': 100, 'stop_loss_pct': 0.015, 'take_profit_pct': 0.06}",-0.0019946306274590837,0.025880000311568153,-0.019607943138398087,29.570249557495117
"{'window': 20, 'allocation_per_trade': 100, 'stop_loss_pct': 0.015, 'take_profit_pct': 0.07}",-0.0019946306274590837,0.025872069859101572,-0.019607943138398087,26.637441635131836
"{'window': 20, 'allocation_per_trade': 100, 'stop_loss_pct': 0.02, 'take_profit_pct': 0.04}",-0.0009948693361023129,0.026033316103864553,-0.019607943138398087,28.374316930770874
"{'window': 20, 'allocation_per_trade': 100, 'stop_loss_pct': 0.02, 'take_profit_pct': 0.05}",-0.0009979150893077561,0.026043438708939,-0.019607943138398087,26.66230797767639
"{'window': 20, 'allocation_per_trade': 100, 'stop_loss_pct': 0.02, 'take_profit_pct': 0.06}",-3.1891808484194404e-06,0.02619105076067685,-0.019607943138398087,26.181586027145386
"{'window': 20, 'allocation_per_trade': 100, 'stop_loss_pct': 0.02, 'take_profit_pct': 0.07}",-0.0019946306274590837,0.025889546855064813,-0.019607943138398087,27.900984525680542
"{'window': 20, 'allocation_per_trade': 100, 'stop_loss_pct': 0.025, 'take_profit_pct': 0.04}",-0.0019946306274590837,0.025881866385099414,-0.019607943138398087,25.78653836250305
"{'window': 20, 'allocation_per_trade': 100, 'stop_loss_pct': 0.025, 'take_profit_pct': 0.05}",-0.0009948693361023129,0.02603651329904008,-0.019607943138398087,26.37102174758911
"{'window': 20, 'allocation_per_trade': 100, 'stop_loss_pct': 0.025, 'take_profit_pct': 0.06}",-3.1891808484194404e-06,0.026179054716365776,-0.019607943138398087,25.29423689842224
"{'window': 20, 'allocation_per_trade': 100, 'stop_loss_pct': 0.025, 'take_profit_pct': 0.07}",-0.0019946306274590837,0.02587968548638556,-0.019607943138398087,25.272313833236694
"{'window': 20, 'allocation_per_trade': 100, 'stop_loss_pct': 0.03, 'take_profit_pct': 0.04}",-0.0009979150893077561,0.026034562062543253,-0.019607943138398087,25.806991815567017
"{'window': 20, 'allocation_per_trade': 100, 'stop_loss_pct': 0.03, 'take_profit_pct': 0.05}",-0.0019946306274590837,0.025890411688923563,-0.019607943138398087,25.724745512008667
"{'window': 20, 'allocation_per_trade': 100, 'stop_loss_pct': 0.03, 'take_profit_pct': 0.06}",-0.0009948693361023129,0.026038980341784954,-0.019607943138398087,25.7729070186615
"{'window': 20, 'allocation_per_trade': 100, 'stop_loss_pct': 0.03, 'take_profit_pct': 0.07}",-3.1891808484194404e-06,0.02617600633301358,-0.019607943138398087,25.614696264266968
"{'window': 25, 'allocation_per_trade': 25, 'stop_loss_pct': 0.015, 'take_profit_pct': 0.04}",-0.0019946306274590837,0.025888121289699657,-0.019607943138398087,26.696182250976562
"{'window': 25, 'allocation_per_trade': 25, 'stop_loss_pct': 0.015, 'take_profit_pct': 0.05}",-0.0009968246974835185,0.026036825018432797,-0.019607943138398087,25.59290337562561
"{'window': 25, 'allocation_per_trade': 25, 'stop_loss_pct': 0.015, 'take_profit_pct': 0.06}",-0.0019946306274590837,0.025898271892419823,-0.019607943138398087,25.44482684135437
"{'window': 25, 'allocation_per_trade': 25, 'stop_loss_pct': 0.015, 'take_profit_pct': 0.07}",-0.0009948693361023129,0.026041222529661776,-0.019607943138398087,25.47455358505249
"{'window': 25, 'allocation_per_trade': 25, 'stop_loss_pct': 0.02, 'take_profit_pct': 0.04}",-3.1891808484194404e-06,0.02617314452831702,-0.019607943138398087,25.509406089782715
"{'window': 25, 'allocation_per_trade': 25, 'stop_loss_pct': 0.02, 'take_profit_pct': 0.05}",-0.0019946306274590837,0.025895894978701234,-0.019607943138398087,26.336854696273804
"{'window': 25, 'allocation_per_trade': 25, 'stop_loss_pct': 0.02, 'take_profit_pct': 0.06}",-0.0009968246974835185,0.02603909756780408,-0.019607943138398087,25.699401140213013
"{'window': 25, 'allocation_per_trade': 25, 'stop_loss_pct': 0.02, 'take_profit_pct': 0.07}",-0.0019946306274590837,0.025905561329076694,-0.019607943138398087,26.02941370010376
"{'window': 25, 'allocation_per_trade': 25, 'stop_loss_pct': 0.025, 'take_profit_pct': 0.04}",-0.0009948693361023129,0.02604330333583437,-0.019607943138398087,26.246662855148315
"{'window': 25, 'allocation_per_trade': 25, 'stop_loss_pct': 0.025, 'take_profit_pct': 0.05}",-3.1891808484194404e-06,0.02617048791995282,-0.019607943138398087,25.7751567363739
"{'window': 25, 'allocation_per_trade': 25, 'stop_loss_pct': 0.025, 'take_profit_pct': 0.06}",-0.0009948693361023129,0.02604594641319983,-0.019607943138398087,25.516302824020386
"{'window': 25, 'allocation_per_trade': 25, 'stop_loss_pct': 0.025, 'take_profit_pct': 0.07}",-0.0019946306274590837,0.025915594869041086,-0.019607943138398087,25.80182695388794
"{'window': 25, 'allocation_per_trade': 25, 'stop_loss_pct': 0.03, 'take_profit_pct': 0.04}",-0.0019946306274590837,0.02592027939440656,-0.019607943138398087,25.507341861724854
"{'window': 25, 'allocation_per_trade': 25, 'stop_loss_pct': 0.03, 'take_profit_pct': 0.05}",-0.0009958696147283142,0.026052611787894506,-0.019607943138398087,25.322532653808594
"{'window': 25, 'allocation_per_trade': 25, 'stop_loss_pct': 0.03, 'take_profit_pct': 0.06}",-0.0009967372242590462,0.026055055400796754,-0.019607943138398087,26.337178707122803
"{'window': 25, 'allocation_per_trade': 25, 'stop_loss_pct': 0.03, 'take_profit_pct': 0.07}",-0.000997069464038939,0.02604911768907195,-0.019607943138398087,25.473451852798462
"{'window': 25, 'allocation_per_trade': 50, 'stop_loss_pct': 0.015, 'take_profit_pct': 0.04}",-0.0019946306274590837,0.02592872965220684,-0.019607943138398087,25.54695749282837
"{'window': 25, 'allocation_per_trade': 50, 'stop_loss_pct': 0.015, 'take_profit_pct': 0.05}",-0.0009968246974835185,0.02606093959338507,-0.019607943138398087,26.472059726715088
"{'window': 25, 'allocation_per_trade': 50, 'stop_loss_pct': 0.015, 'take_profit_pct': 0.06}",-0.0019946306274590837,0.025937965448827902,-0.019607943138398087,25.241027355194092
"{'window': 25, 'allocation_per_trade': 50, 'stop_loss_pct': 0.015, 'take_profit_pct': 0.07}",-0.0009958696147283142,0.0260648159638892,-0.019607943138398087,26.61260175704956
"{'window': 25, 'allocation_per_trade': 50, 'stop_loss_pct': 0.02, 'take_profit_pct': 0.04}",4.804170003525377e-06,0.02618343416778739,-0.019607943138398087,25.465814113616943
"{'window': 25, 'allocation_per_trade': 50, 'stop_loss_pct': 0.02, 'take_profit_pct': 0.05}",0.00100307730012487,0.026294278112015283,-0.019607943138398087,26.26286816596985
"{'window': 25, 'allocation_per_trade': 50, 'stop_loss_pct': 0.02, 'take_profit_pct': 0.06}",0.0019958404885600206,0.02641243962580203,-0.019607943138398087,25.323951244354248
"{'window': 25, 'allocation_per_trade': 50, 'stop_loss_pct': 0.02, 'take_profit_pct': 0.07}",-0.0019946306274590837,0.02593522440548013,-0.019607943138398087,25.634519577026367
"{'window': 25, 'allocation_per_trade': 50, 'stop_loss_pct': 0.025, 'take_profit_pct': 0.04}",-0.000997069464038939,0.026047927730445782,-0.019607943138398087,26.14747905731201
"{'window': 25, 'allocation_per_trade': 50, 'stop_loss_pct': 0.025, 'take_profit_pct': 0.05}",-3.1891808484194404e-06,0.026162255099240667,-0.019607943138398087,25.699685096740723
"{'window': 25, 'allocation_per_trade': 50, 'stop_loss_pct': 0.025, 'take_profit_pct': 0.06}",-0.000997069464038939,0.02604067578297086,-0.019607943138398087,26.251598596572876
"{'window': 25, 'allocation_per_trade': 50, 'stop_loss_pct': 0.025, 'take_profit_pct': 0.07}",-0.0019946306274590837,0.02592350323431289,-0.019607943138398087,25.54820728302002
"{'window': 25, 'allocation_per_trade': 50, 'stop_loss_pct': 0.03, 'take_profit_pct': 0.04}",0.0019958404885600206,0.026384766101560007,-0.019607943138398087,26.26562809944153
"{'window': 25, 'allocation_per_trade': 50, 'stop_loss_pct': 0.03, 'take_profit_pct': 0.05}",4.804170003525377e-06,0.026153355714620782,-0.019607943138398087,25.499953985214233
"{'window': 25, 'allocation_per_trade': 50, 'stop_loss_pct': 0.03, 'take_profit_pct': 0.06}",-0.0019946306274590837,0.025925224779166027,-0.019607943138398087,25.60476279258728
"{'window': 25, 'allocation_per_trade': 50, 'stop_loss_pct': 0.03, 'take_profit_pct': 0.07}",-0.0019946306274590837,0.025929296829794453,-0.019607943138398087,25.601393699645996
"{'window': 25, 'allocation_per_trade': 75, 'stop_loss_pct': 0.015, 'take_profit_pct': 0.04}",-0.0009963364000032107,0.02603632125657164,-0.019607943138398087,25.237353563308716
"{'window': 25, 'allocation_per_trade': 75, 'stop_loss_pct': 0.015, 'take_profit_pct': 0.05}",0.0019958404885600206,0.02637122794297386,-0.019607943138398087,26.16340732574463
"{'window': 25, 'allocation_per_trade': 75, 'stop_loss_pct': 0.015, 'take_profit_pct': 0.06}",4.804170003525377e-06,0.026146906118297043,-0.019607943138398087,25.519622325897217
"{'window': 25, 'allocation_per_trade': 75, 'stop_loss_pct': 0.015, 'take_profit_pct': 0.07}",-0.0019946306274590837,0.025925680241128648,-0.019607943138398087,25.46229887008667
"{'window': 25, 'allocation_per_trade': 75, 'stop_loss_pct': 0.02, 'take_profit_pct': 0.04}",3.3597296866832563e-06,0.02614280797325529,-0.019607943138398087,25.475301265716553
"{'window': 25, 'allocation_per_trade': 75, 'stop_loss_pct': 0.02, 'take_profit_pct': 0.05}",0.0019958404885600206,0.02636017104263999,-0.019607943138398087,25.439107656478882
"{'window': 25, 'allocation_per_trade': 75, 'stop_loss_pct': 0.02, 'take_profit_pct': 0.06}",-0.0009958696147283142,0.026039006467741762,-0.019607943138398087,26.09923505783081
"{'window': 25, 'allocation_per_trade': 75, 'stop_loss_pct': 0.02, 'take_profit_pct': 0.07}",-0.0019946306274590837,0.02593483048943079,-0.019607943138398087,25.598052263259888
"{'window': 25, 'allocation_per_trade': 75, 'stop_loss_pct': 0.025, 'take_profit_pct': 0.04}",-0.0019946306274590837,0.025933254347913905,-0.019607943138398087,25.773331880569458
"{'window': 25, 'allocation_per_trade': 75, 'stop_loss_pct': 0.025, 'take_profit_pct': 0.05}",4.804170003525377e-06,0.02614455676934654,-0.019607943138398087,25.362306833267212
"{'window': 25, 'allocation_per_trade': 75, 'stop_loss_pct': 0.025, 'take_profit_pct': 0.06}",-0.0009968246974835185,0.026045239678470816,-0.019607943138398087,26.268871068954468
"{'window': 25, 'allocation_per_trade': 75, 'stop_loss_pct': 0.025, 'take_profit_pct': 0.07}",-0.0009963364000032107,0.02604012222068034,-0.019607943138398087,25.808480978012085
"{'window': 25, 'allocation_per_trade': 75, 'stop_loss_pct': 0.03, 'take_profit_pct': 0.04}",0.00100307730012487,0.02624191182572223,-0.019607943138398087,25.358933210372925
"{'window': 25, 'allocation_per_trade': 75, 'stop_loss_pct': 0.03, 'take_profit_pct': 0.05}",-0.0019946306274590837,0.025929257832158922,-0.019607943138398087,25.559594869613647
"{'window': 25, 'allocation_per_trade': 75, 'stop_loss_pct': 0.03, 'take_profit_pct': 0.06}",3.3597296866832563e-06,0.02613408211541243,-0.019607943138398087,25.933878660202026
"{'window': 25, 'allocation_per_trade': 75, 'stop_loss_pct': 0.03, 'take_profit_pct': 0.07}",0.0019958404885600206,0.026339267019443544,-0.019607943138398087,25.952264547348022
"{'window': 25, 'allocation_per_trade': 100, 'stop_loss_pct': 0.015, 'take_profit_pct': 0.04}",-0.0009958696147283142,0.026036184481701276,-0.019607943138398087,25.593568086624146
"{'window': 25, 'allocation_per_trade': 100, 'stop_loss_pct': 0.015, 'take_profit_pct': 0.05}",0.001002166190284636,0.026241485773312225,-0.019607943138398087,26.320133447647095
"{'window': 25, 'allocation_per_trade': 100, 'stop_loss_pct': 0.015, 'take_profit_pct': 0.06}",0.0019958404885600206,0.02634176742559913,-0.019607943138398087,25.128655910491943
"{'window': 25, 'allocation_per_trade': 100, 'stop_loss_pct': 0.015, 'take_profit_pct': 0.07}",-0.0019946306274590837,0.025939657920349433,-0.019607943138398087,26.678992748260498
"{'window': 25, 'allocation_per_trade': 100, 'stop_loss_pct': 0.02, 'take_profit_pct': 0.04}",-0.0019946306274590837,0.025938016201148217,-0.019607943138398087,25.625807762145996
"{'window': 25, 'allocation_per_trade': 100, 'stop_loss_pct': 0.02, 'take_profit_pct': 0.05}",-0.0019946306274590837,0.02593827167030434,-0.019607943138398087,25.601994037628174
"{'window': 25, 'allocation_per_trade': 100, 'stop_loss_pct': 0.02, 'take_profit_pct': 0.06}",-0.0019946306274590837,0.02593665539970759,-0.019607943138398087,25.691036462783813
"{'window': 25, 'allocation_per_trade': 100, 'stop_loss_pct': 0.02, 'take_profit_pct': 0.07}",-0.0019946306274590837,0.025936915551993896,-0.019607943138398087,26.00584888458252
"{'window': 25, 'allocation_per_trade': 100, 'stop_loss_pct': 0.025, 'take_profit_pct': 0.04}",-0.0019946306274590837,0.02593532401846636,-0.019607943138398087,26.673688411712646
"{'window': 25, 'allocation_per_trade': 100, 'stop_loss_pct': 0.025, 'take_profit_pct': 0.05}",-0.0019946306274590837,0.02593558859371557,-0.019607943138398087,25.559364318847656
"{'window': 25, 'allocation_per_trade': 100, 'stop_loss_pct': 0.025, 'take_profit_pct': 0.06}",-0.0019946306274590837,0.025934021113693285,-0.019607943138398087,27.190489768981934
"{'window': 25, 'allocation_per_trade': 100, 'stop_loss_pct': 0.025, 'take_profit_pct': 0.07}",0.0020033736854338036,0.026324674219516585,-0.019607943138398087,43.142444133758545
"{'window': 25, 'allocation_per_trade': 100, 'stop_loss_pct': 0.03, 'take_profit_pct': 0.04}",0.00100307730012487,0.026221218947331523,-0.019607943138398087,45.42297673225403
"{'window': 25, 'allocation_per_trade': 100, 'stop_loss_pct': 0.03, 'take_profit_pct': 0.05}",3.3597296866832563e-06,0.02612370415949508,-0.019607943138398087,37.11505603790283
"{'window': 25, 'allocation_per_trade': 100, 'stop_loss_pct': 0.03, 'take_profit_pct': 0.06}",-0.0009958696147283142,0.026032021818095198,-0.019607943138398087,34.45628237724304
"{'window': 25, 'allocation_per_trade': 100, 'stop_loss_pct': 0.03, 'take_profit_pct': 0.07}",-0.0019946306274590837,0.025935800540684586,-0.019607943138398087,40.995840549468994
"{'window': 30, 'allocation_per_trade': 25, 'stop_loss_pct': 0.015, 'take_profit_pct': 0.04}",0.001002166190284636,0.02621941983011351,-0.019607943138398087,36.871286392211914
"{'window': 30, 'allocation_per_trade': 25, 'stop_loss_pct': 0.015, 'take_profit_pct': 0.05}",0.004002272300320069,0.026500184761053463,-0.019607943138398087,37.82781529426575
"{'window': 30, 'allocation_per_trade': 25, 'stop_loss_pct': 0.015, 'take_profit_pct': 0.06}",0.0019958404885600206,0.026313592877827075,-0.019607943138398087,36.57770824432373
"{'window': 30, 'allocation_per_trade': 25, 'stop_loss_pct': 0.015, 'take_profit_pct': 0.07}",3.3597296866832563e-06,0.02612745474741724,-0.019607943138398087,37.00971531867981
"{'window': 30, 'allocation_per_trade': 25, 'stop_loss_pct': 0.02, 'take_profit_pct': 0.04}",0.0030002671778226724,0.026400898285641336,-0.019607943138398087,37.794721841812134
"{'window': 30, 'allocation_per_trade': 25, 'stop_loss_pct': 0.02, 'take_profit_pct': 0.05}",0.00100307730012487,0.026210982096494955,-0.019607943138398087,38.078831911087036
"{'window': 30, 'allocation_per_trade': 25, 'stop_loss_pct': 0.02, 'take_profit_pct': 0.06}",-0.0009963364000032107,0.026024497843132766,-0.019607943138398087,36.84280586242676
"{'window': 30, 'allocation_per_trade': 25, 'stop_loss_pct': 0.02, 'take_profit_pct': 0.07}",0.0020033736854338036,0.026301124043822937,-0.019607943138398087,37.211759090423584
"{'window': 30, 'allocation_per_trade': 25, 'stop_loss_pct': 0.025, 'take_profit_pct': 0.04}",4.804170003525377e-06,0.026118541708066184,-0.019607943138398087,37.25420594215393
"{'window': 30, 'allocation_per_trade': 25, 'stop_loss_pct': 0.025, 'take_profit_pct': 0.05}",-0.0019946306274590837,0.0259370042157718,-0.019607943138398087,37.154767990112305
"{'window': 30, 'allocation_per_trade': 25, 'stop_loss_pct': 0.025, 'take_profit_pct': 0.06}",0.001002166190284636,0.026206763390347793,-0.019607943138398087,38.227723836898804
"{'window': 30, 'allocation_per_trade': 25, 'stop_loss_pct': 0.025, 'take_profit_pct': 0.07}",0.0030002671778226724,0.026382141250440593,-0.019607943138398087,37.509206771850586
"{'window': 30, 'allocation_per_trade': 25, 'stop_loss_pct': 0.03, 'take_profit_pct': 0.04}",0.005018318551177898,0.026555823363978687,-0.019607943138398087,37.963430404663086
"{'window': 30, 'allocation_per_trade': 25, 'stop_loss_pct': 0.03, 'take_profit_pct': 0.05}",-0.0019946306274590837,0.02593683034123454,-0.019607943138398087,38.21756958961487
"{'window': 30, 'allocation_per_trade': 25, 'stop_loss_pct': 0.03, 'take_profit_pct': 0.06}",-0.0009963364000032107,0.02602024933753517,-0.019607943138398087,37.525543451309204
"{'window': 30, 'allocation_per_trade': 25, 'stop_loss_pct': 0.03, 'take_profit_pct': 0.07}",3.3597296866832563e-06,0.02610558438002446,-0.019607943138398087,37.64620065689087
"{'window': 30, 'allocation_per_trade': 50, 'stop_loss_pct': 0.015, 'take_profit_pct': 0.04}",0.001002166190284636,0.026193977093088003,-0.019607943138398087,37.98754549026489
"{'window': 30, 'allocation_per_trade': 50, 'stop_loss_pct': 0.015, 'take_profit_pct': 0.05}",0.0020033736854338036,0.02628475956805421,-0.019607943138398087,37.07721710205078
"{'window': 30, 'allocation_per_trade': 50, 'stop_loss_pct': 0.015, 'take_profit_pct': 0.06}",0.0030002671778226724,0.026368415074808305,-0.019607943138398087,61.37333273887634
"{'window': 30, 'allocation_per_trade': 50, 'stop_loss_pct': 0.015, 'take_profit_pct': 0.07}",0.004002272300320069,0.026454714131445595,-0.019607943138398087,39.73113250732422
"{'window': 30, 'allocation_per_trade': 50, 'stop_loss_pct': 0.02, 'take_profit_pct': 0.04}",0.006022719149635997,0.02661721182377456,-0.019607943138398087,40.47493267059326
"{'window': 30, 'allocation_per_trade': 50, 'stop_loss_pct': 0.02, 'take_profit_pct': 0.05}",0.006022719149635997,0.026608888944068928,-0.019607943138398087,39.58946990966797
"{'window': 30, 'allocation_per_trade': 50, 'stop_loss_pct': 0.02, 'take_profit_pct': 0.06}",0.006022719149635997,0.026600641001608805,-0.019607943138398087,39.54326772689819
"{'window': 30, 'allocation_per_trade': 50, 'stop_loss_pct': 0.02, 'take_profit_pct': 0.07}",0.004002272300320069,0.026433083937176197,-0.019607943138398087,40.5519323348999
"{'window': 30, 'allocation_per_trade': 50, 'stop_loss_pct': 0.025, 'take_profit_pct': 0.04}",0.0030002671778226724,0.026347936765123477,-0.019607943138398087,39.77956414222717
"{'window': 30, 'allocation_per_trade': 50, 'stop_loss_pct': 0.025, 'take_profit_pct': 0.05}",0.0020033736854338036,0.02626952319595441,-0.019607943138398087,42.962197065353394
"{'window': 30, 'allocation_per_trade': 50, 'stop_loss_pct': 0.025, 'take_profit_pct': 0.06}",0.001002166190284636,0.026188454304047336,-0.019607943138398087,40.78120017051697
"{'window': 30, 'allocation_per_trade': 50, 'stop_loss_pct': 0.025, 'take_profit_pct': 0.07}",0.009039951001720037,0.026846721038830807,-0.019607943138398087,37.519274950027466
"{'window': 30, 'allocation_per_trade': 50, 'stop_loss_pct': 0.03, 'take_profit_pct': 0.04}",0.007044297703937292,0.026682385689285805,-0.019607943138398087,37.967413902282715
"{'window': 30, 'allocation_per_trade': 50, 'stop_loss_pct': 0.03, 'take_profit_pct': 0.05}",0.0030002671778226724,0.02635236267835237,-0.019607943138398087,38.05542707443237
"{'window': 30, 'allocation_per_trade': 50, 'stop_loss_pct': 0.03, 'take_profit_pct': 0.06}",0.010046200743199271,0.02691872603778607,-0.019607943138398087,38.32678532600403
"{'window': 30, 'allocation_per_trade': 50, 'stop_loss_pct': 0.03, 'take_profit_pct': 0.07}",0.007044297703937292,0.026676091093729083,-0.019607943138398087,39.10812520980835
"{'window': 30, 'allocation_per_trade': 75, 'stop_loss_pct': 0.015, 'take_profit_pct': 0.04}",0.0030002671778226724,0.026350913869259106,-0.019607943138398087,37.84422755241394
"{'window': 30, 'allocation_per_trade': 75, 'stop_loss_pct': 0.015, 'take_profit_pct': 0.05}",0.009039951001720037,0.026827690038504326,-0.019607943138398087,38.56442213058472
"{'window': 30, 'allocation_per_trade': 75, 'stop_loss_pct': 0.015, 'take_profit_pct': 0.06}",0.006022719149635997,0.026580936055728744,-0.019607943138398087,38.24005651473999
"{'window': 30, 'allocation_per_trade': 75, 'stop_loss_pct': 0.015, 'take_profit_pct': 0.07}",0.012032647488655185,0.027057584239334787,-0.019607943138398087,38.07849144935608
"{'window': 30, 'allocation_per_trade': 75, 'stop_loss_pct': 0.02, 'take_profit_pct': 0.04}",0.00803365229200951,0.026740855255333745,-0.019607943138398087,38.946945667266846
"{'window': 30, 'allocation_per_trade': 75, 'stop_loss_pct': 0.02, 'take_profit_pct': 0.05}",0.011051695448955798,0.026977398572204263,-0.019607943138398087,38.47092413902283
"{'window': 30, 'allocation_per_trade': 75, 'stop_loss_pct': 0.02, 'take_profit_pct': 0.06}",0.005018318551177898,0.026504938111647128,-0.019607943138398087,38.28184700012207
"{'window': 30, 'allocation_per_trade': 75, 'stop_loss_pct': 0.02, 'take_profit_pct': 0.07}",0.009039951001720037,0.02681266590403734,-0.019607943138398087,38.916054248809814
"{'window': 30, 'allocation_per_trade': 75, 'stop_loss_pct': 0.025, 'take_profit_pct': 0.04}",0.005018318551177898,0.02649898627049016,-0.019607943138398087,39.01725912094116
"{'window': 30, 'allocation_per_trade': 75, 'stop_loss_pct': 0.025, 'take_profit_pct': 0.05}",0.00803365229200951,0.02672895916343149,-0.019607943138398087,38.19955587387085
"{'window': 30, 'allocation_per_trade': 75, 'stop_loss_pct': 0.025, 'take_profit_pct': 0.06}",0.011051695448955798,0.02696069139799881,-0.019607943138398087,39.444528579711914
"{'window': 30, 'allocation_per_trade': 75, 'stop_loss_pct': 0.025, 'take_profit_pct': 0.07}",-0.0009951933084056573,0.02604393979100716,-0.019607943138398087,38.94030427932739
"{'window': 30, 'allocation_per_trade': 75, 'stop_loss_pct': 0.03, 'take_profit_pct': 0.04}",0.006022719149635997,0.026571588308758103,-0.019607943138398087,37.83461618423462
"{'window': 30, 'allocation_per_trade': 75, 'stop_loss_pct': 0.03, 'take_profit_pct': 0.05}",0.00803365229200951,0.026721059316615215,-0.019607943138398087,38.56382703781128
"{'window': 30, 'allocation_per_trade': 75, 'stop_loss_pct': 0.03, 'take_profit_pct': 0.06}",0.009039951001720037,0.026793462349566338,-0.019607943138398087,38.03257751464844
"{'window': 30, 'allocation_per_trade': 75, 'stop_loss_pct': 0.03, 'take_profit_pct': 0.07}",0.010046200743199271,0.026867411540428265,-0.019607943138398087,39.262078285217285
"{'window': 30, 'allocation_per_trade': 100, 'stop_loss_pct': 0.015, 'take_profit_pct': 0.04}",0.011051695448955798,0.026944316827442076,-0.019607943138398087,37.95279049873352
"{'window': 30, 'allocation_per_trade': 100, 'stop_loss_pct': 0.015, 'take_profit_pct': 0.05}",0.010046200743199271,0.026869240804621067,-0.019607943138398087,37.70062255859375
"{'window': 30, 'allocation_per_trade': 100, 'stop_loss_pct': 0.015, 'take_profit_pct': 0.06}",0.009039951001720037,0.026792465804438004,-0.019607943138398087,39.020105600357056
"{'window': 30, 'allocation_per_trade': 100, 'stop_loss_pct': 0.015, 'take_profit_pct': 0.07}",0.0009964588947832373,0.026197765840449635,-0.019607943138398087,38.03894305229187
"{'window': 30, 'allocation_per_trade': 100, 'stop_loss_pct': 0.02, 'take_profit_pct': 0.04}",2.4797388015430923e-06,0.02612505892341133,-0.019607943138398087,38.64401721954346
"{'window': 30, 'allocation_per_trade': 100, 'stop_loss_pct': 0.02, 'take_profit_pct': 0.05}",-0.0009961849291355448,0.026053929705555555,-0.019607943138398087,38.868271589279175
"{'window': 30, 'allocation_per_trade': 100, 'stop_loss_pct': 0.02, 'take_profit_pct': 0.06}",-0.0019946306274590837,0.025977430217783332,-0.019607943138398087,38.86558723449707
"{'window': 30, 'allocation_per_trade': 100, 'stop_loss_pct': 0.02, 'take_profit_pct': 0.07}",-0.0009951933084056573,0.026054199096375717,-0.019607943138398087,38.34625577926636
"{'window': 30, 'allocation_per_trade': 100, 'stop_loss_pct': 0.025, 'take_profit_pct': 0.04}",0.012032647488655185,0.026999471413354643,-0.019607943138398087,37.91662645339966
"{'window': 30, 'allocation_per_trade': 100, 'stop_loss_pct': 0.025, 'take_profit_pct': 0.05}",0.0009964588947832373,0.0262068901235652,-0.019607943138398087,38.22792100906372
"{'window': 30, 'allocation_per_trade': 100, 'stop_loss_pct': 0.025, 'take_profit_pct': 0.06}",2.4797388015430923e-06,0.02613528208931881,-0.019607943138398087,38.99460315704346
"{'window': 30, 'allocation_per_trade': 100, 'stop_loss_pct': 0.025, 'take_profit_pct': 0.07}",-0.0009961849291355448,0.026065199360542232,-0.019607943138398087,40.75719165802002
"{'window': 30, 'allocation_per_trade': 100, 'stop_loss_pct': 0.03, 'take_profit_pct': 0.04}",7.853170519952059e-07,0.02613520061776753,-0.019607943138398087,38.891955852508545
"{'window': 30, 'allocation_per_trade': 100, 'stop_loss_pct': 0.03, 'take_profit_pct': 0.05}",-0.0019946306274590837,0.025992940512636793,-0.019607943138398087,39.25017976760864
"{'window': 30, 'allocation_per_trade': 100, 'stop_loss_pct': 0.03, 'take_profit_pct': 0.06}",-0.0019946306274590837,0.025995775514861437,-0.019607943138398087,38.483227491378784
"{'window': 30, 'allocation_per_trade': 100, 'stop_loss_pct': 0.03, 'take_profit_pct': 0.07}",-0.0019946306274590837,0.025991647859907454,-0.019607943138398087,39.05775809288025
