Timestamp,Portfolio Value,Cash Balance,Positions,Daily High,Daily Low,Daily Close,Volume
2024-06-28 15:37:01,100059.04,97934.43,AAPL: 0.890713769; AMZN: 0.778085333; GOOG: 0.80887855; META: 0.155384; MSFT: 0.596972778; NFLX: 0.103922; NVDA: 0.161516; PYPL: 4.453343; SPY: 1; TSLA: 0.685021999; V: 0.884488708,550.28,546.67,549.62,10038310
2024-06-28 15:37:02,100059.05,97924.42,AAPL: 0.890713769; AMZN: 0.778085333; GOOG: 0.80887855; META: 0.155384; MSFT: 0.596972778; NFLX: 0.103922; NVDA: 0.161516; PYPL: 4.623846; SPY: 1; TSLA: 0.685021999; V: 0.884488708,550.28,546.67,549.62,10038310
2024-06-28 15:37:03,100059.02,97934.33,AAPL: 0.890713769; AMZN: 0.727801333; GOOG: 0.80887855; META: 0.155384; MSFT: 0.596972778; NFLX: 0.103922; NVDA: 0.161516; PYPL: 4.623846; SPY: 1; TSLA: 0.685021999; V: 0.884488708,550.28,546.67,549.62,10038310
2024-06-28 15:38:01,100058.92,97944.34,AAPL: 0.844126769; AMZN: 0.727801333; GOOG: 0.80887855; META: 0.155384; MSFT: 0.596972778; NFLX: 0.103922; NVDA: 0.161516; PYPL: 4.623846; SPY: 1; TSLA: 0.685021999; V: 0.884488708,550.28,546.67,549.65,10100789
2024-06-28 15:38:02,100058.91,97934.35,AAPL: 0.844126769; AMZN: 0.727801333; GOOG: 0.80887855; META: 0.155384; MSFT: 0.596972778; NFLX: 0.103922; NVDA: 0.161516; PYPL: 4.623846; SPY: 1; TSLA: 0.685021999; V: 0.921797708,550.28,546.67,549.65,10100789
2024-06-28 15:38:03,100058.92,97924.33,AAPL: 0.844126769; AMZN: 0.727801333; GOOG: 0.80887855; META: 0.155384; MSFT: 0.619013778; NFLX: 0.103922; NVDA: 0.161516; PYPL: 4.623846; SPY: 1; TSLA: 0.685021999; V: 0.921797708,550.28,546.67,549.65,10100789
2024-06-28 15:39:01,100058.19,97934.32,AAPL: 0.844126769; AMZN: 0.727801333; GOOG: 0.80887855; META: 0.155384; MSFT: 0.619013778; NFLX: 0.103922; NVDA: 0.161516; PYPL: 4.453343; SPY: 1; TSLA: 0.685021999; V: 0.921797708,550.28,546.67,549.6501,10156437
2024-06-28 15:39:02,100058.22,97944.28,AAPL: 0.844126769; AMZN: 0.727801333; GOOG: 0.80887855; META: 0.13621; MSFT: 0.619013778; NFLX: 0.103922; NVDA: 0.161516; PYPL: 4.453343; SPY: 1; TSLA: 0.685021999; V: 0.921797708,550.28,546.67,549.6501,10156437
2024-06-28 15:39:02,100058.32,97934.15,AAPL: 0.844126769; AMZN: 0.727801333; GOOG: 0.80887855; META: 0.13621; MSFT: 0.619013778; NFLX: 0.103922; NVDA: 0.241683; PYPL: 4.453343; SPY: 1; TSLA: 0.685021999; V: 0.921797708,550.28,546.67,549.6501,10156437
2024-06-28 15:39:03,100058.36,97944.15,AAPL: 0.797539769; AMZN: 0.727801333; GOOG: 0.80887855; META: 0.13621; MSFT: 0.619013778; NFLX: 0.103922; NVDA: 0.241683; PYPL: 4.453343; SPY: 1; TSLA: 0.685021999; V: 0.921797708,550.28,546.67,549.6501,10156437
2024-06-28 15:39:04,100058.42,97934.24,AAPL: 0.797539769; AMZN: 0.727801333; GOOG: 0.86216355; META: 0.13621; MSFT: 0.619013778; NFLX: 0.103922; NVDA: 0.241683; PYPL: 4.453343; SPY: 1; TSLA: 0.685021999; V: 0.921797708,550.28,546.67,549.6501,10156437
2024-06-28 15:39:04,100058.44,97924.33,AAPL: 0.797539769; AMZN: 0.778085333; GOOG: 0.86216355; META: 0.13621; MSFT: 0.619013778; NFLX: 0.103922; NVDA: 0.241683; PYPL: 4.453343; SPY: 1; TSLA: 0.685021999; V: 0.921797708,550.28,546.67,549.6501,10156437
2024-06-28 15:40:01,100058.31,97934.28,AAPL: 0.797539769; AMZN: 0.778085333; GOOG: 0.86216355; META: 0.117036; MSFT: 0.619013778; NFLX: 0.103922; NVDA: 0.241683; PYPL: 4.453343; SPY: 1; TSLA: 0.685021999; V: 0.921797708,550.28,546.67,549.53,10192583
2024-06-28 15:40:02,100058.47,97924.26,AAPL: 0.844126769; AMZN: 0.778085333; GOOG: 0.86216355; META: 0.117036; MSFT: 0.619013778; NFLX: 0.103922; NVDA: 0.241683; PYPL: 4.453343; SPY: 1; TSLA: 0.685021999; V: 0.921797708,550.28,546.67,549.53,10192583
2024-06-28 15:40:03,100058.54,97934.25,AAPL: 0.844126769; AMZN: 0.778085333; GOOG: 0.86216355; META: 0.117036; MSFT: 0.619013778; NFLX: 0.103922; NVDA: 0.241683; PYPL: 4.28284; SPY: 1; TSLA: 0.685021999; V: 0.921797708,550.28,546.67,549.53,10192583
2024-06-28 15:40:53,100057.58,97934.25,AAPL: 0.844126769; AMZN: 0.778085333; GOOG: 0.86216355; META: 0.117036; MSFT: 0.619013778; NFLX: 0.103922; NVDA: 0.241683; PYPL: 4.28284; SPY: 1; TSLA: 0.685021999; V: 0.921797708,550.28,546.67,549.53,10192583
2024-06-28 15:45:01,100057.31,97924.24,AAPL: 0.844126769; AMZN: 0.778085333; GOOG: 0.86216355; META: 0.117036; MSFT: 0.641054778; NFLX: 0.103922; NVDA: 0.241683; PYPL: 4.28284; SPY: 1; TSLA: 0.685021999; V: 0.921797708,550.28,546.67,549.46,10802631
2024-06-28 15:45:02,100057.2,97914.33,AAPL: 0.844126769; AMZN: 0.828369333; GOOG: 0.86216355; META: 0.117036; MSFT: 0.641054778; NFLX: 0.103922; NVDA: 0.241683; PYPL: 4.28284; SPY: 1; TSLA: 0.685021999; V: 0.921797708,550.28,546.67,549.46,10802631
2024-06-28 15:45:02,100057.29,97904.4,AAPL: 0.844126769; AMZN: 0.828369333; GOOG: 0.86216355; META: 0.13621; MSFT: 0.641054778; NFLX: 0.103922; NVDA: 0.241683; PYPL: 4.28284; SPY: 1; TSLA: 0.685021999; V: 0.921797708,550.28,546.67,549.46,10802631
2024-06-28 15:46:01,100056.99,97914.41,AAPL: 0.797539769; AMZN: 0.828369333; GOOG: 0.86216355; META: 0.13621; MSFT: 0.641054778; NFLX: 0.103922; NVDA: 0.241683; PYPL: 4.28284; SPY: 1; TSLA: 0.685021999; V: 0.921797708,550.28,546.67,549.43,10841099
2024-06-28 15:46:02,100057.02,97924.31,AAPL: 0.797539769; AMZN: 0.778085333; GOOG: 0.86216355; META: 0.13621; MSFT: 0.641054778; NFLX: 0.103922; NVDA: 0.241683; PYPL: 4.28284; SPY: 1; TSLA: 0.685021999; V: 0.921797708,550.28,546.67,549.43,10841099
2024-06-28 15:46:02,100057.01,97914.32,AAPL: 0.797539769; AMZN: 0.778085333; GOOG: 0.86216355; META: 0.13621; MSFT: 0.641054778; NFLX: 0.103922; NVDA: 0.241683; PYPL: 4.28284; SPY: 1; TSLA: 0.685021999; V: 0.959106708,550.28,546.67,549.43,10841099
2024-06-28 15:46:03,100057.03,97904.34,AAPL: 0.797539769; AMZN: 0.778085333; GOOG: 0.86216355; META: 0.13621; MSFT: 0.641054778; NFLX: 0.103922; NVDA: 0.241683; PYPL: 4.453343; SPY: 1; TSLA: 0.685021999; V: 0.959106708,550.28,546.67,549.43,10841099
2024-06-28 15:47:01,100057.58,97894.35,AAPL: 0.797539769; AMZN: 0.778085333; GOOG: 0.86216355; META: 0.13621; MSFT: 0.641054778; NFLX: 0.103922; NVDA: 0.241683; PYPL: 4.453343; SPY: 1; TSLA: 0.685021999; V: 0.996415708,550.28,546.67,549.57,10908092
2024-06-28 15:47:01,100057.61,97884.15,AAPL: 0.797539769; AMZN: 0.778085333; GOOG: 0.86216355; META: 0.13621; MSFT: 0.641054778; NFLX: 0.103922; NVDA: 0.241683; PYPL: 4.453343; SPY: 1; TSLA: 0.735508999; V: 0.996415708,550.28,546.67,549.57,10908092
2024-06-28 15:47:02,100057.54,97874.13,AAPL: 0.797539769; AMZN: 0.778085333; GOOG: 0.86216355; META: 0.13621; MSFT: 0.663095778; NFLX: 0.103922; NVDA: 0.241683; PYPL: 4.453343; SPY: 1; TSLA: 0.735508999; V: 0.996415708,550.28,546.67,549.57,10908092
2024-06-28 15:47:03,100057.62,97864.15,AAPL: 0.797539769; AMZN: 0.778085333; GOOG: 0.86216355; META: 0.13621; MSFT: 0.663095778; NFLX: 0.103922; NVDA: 0.241683; PYPL: 4.623846; SPY: 1; TSLA: 0.735508999; V: 0.996415708,550.28,546.67,549.57,10908092
2024-06-28 15:48:01,100057.82,97874.14,AAPL: 0.797539769; AMZN: 0.778085333; GOOG: 0.86216355; META: 0.13621; MSFT: 0.663095778; NFLX: 0.103922; NVDA: 0.241683; PYPL: 4.623846; SPY: 1; TSLA: 0.735508999; V: 0.959106708,550.28,546.67,549.5,10963899
2024-06-28 15:48:01,100057.87,97884.06,AAPL: 0.797539769; AMZN: 0.778085333; GOOG: 0.86216355; META: 0.117036; MSFT: 0.663095778; NFLX: 0.103922; NVDA: 0.241683; PYPL: 4.623846; SPY: 1; TSLA: 0.735508999; V: 0.959106708,550.28,546.67,549.5,10963899
2024-06-28 15:48:02,100057.86,97873.83,AAPL: 0.797539769; AMZN: 0.778085333; GOOG: 0.86216355; META: 0.117036; MSFT: 0.663095778; NFLX: 0.103922; NVDA: 0.241683; PYPL: 4.623846; SPY: 1; TSLA: 0.785995999; V: 0.959106708,550.28,546.67,549.5,10963899
2024-06-28 15:48:03,100057.8,97883.93,AAPL: 0.797539769; AMZN: 0.778085333; GOOG: 0.86216355; META: 0.117036; MSFT: 0.663095778; NFLX: 0.103922; NVDA: 0.161516; PYPL: 4.623846; SPY: 1; TSLA: 0.785995999; V: 0.959106708,550.28,546.67,549.5,10963899
2024-06-28 15:48:03,100057.7,97893.82,AAPL: 0.797539769; AMZN: 0.727801333; GOOG: 0.86216355; META: 0.117036; MSFT: 0.663095778; NFLX: 0.103922; NVDA: 0.161516; PYPL: 4.623846; SPY: 1; TSLA: 0.785995999; V: 0.959106708,550.28,546.67,549.5,10963899
2024-06-28 15:48:04,100057.67,97883.8,AAPL: 0.797539769; AMZN: 0.727801333; GOOG: 0.86216355; META: 0.117036; MSFT: 0.685136778; NFLX: 0.103922; NVDA: 0.161516; PYPL: 4.623846; SPY: 1; TSLA: 0.785995999; V: 0.959106708,550.28,546.67,549.5,10963899
2024-06-28 15:48:05,100057.65,97873.79,AAPL: 0.844126769; AMZN: 0.727801333; GOOG: 0.86216355; META: 0.117036; MSFT: 0.685136778; NFLX: 0.103922; NVDA: 0.161516; PYPL: 4.623846; SPY: 1; TSLA: 0.785995999; V: 0.959106708,550.28,546.67,549.5,10963899
2024-06-28 15:49:01,100057.86,97883.92,AAPL: 0.844126769; AMZN: 0.727801333; GOOG: 0.86216355; META: 0.117036; MSFT: 0.685136778; NFLX: 0.103922; NVDA: 0.081349; PYPL: 4.623846; SPY: 1; TSLA: 0.785995999; V: 0.959106708,550.28,546.67,549.61,11005176
2024-06-28 15:49:02,100057.86,97893.89,AAPL: 0.844126769; AMZN: 0.727801333; GOOG: 0.86216355; META: 0.117036; MSFT: 0.685136778; NFLX: 0.103922; NVDA: 0.081349; PYPL: 4.453343; SPY: 1; TSLA: 0.785995999; V: 0.959106708,550.28,546.67,549.61,11005176
2024-06-28 15:49:03,100057.92,97883.88,AAPL: 0.890713769; AMZN: 0.727801333; GOOG: 0.86216355; META: 0.117036; MSFT: 0.685136778; NFLX: 0.103922; NVDA: 0.081349; PYPL: 4.453343; SPY: 1; TSLA: 0.785995999; V: 0.959106708,550.28,546.67,549.61,11005176
2024-06-28 15:50:01,100058.3,97873.99,AAPL: 0.890713769; AMZN: 0.778085333; GOOG: 0.86216355; META: 0.117036; MSFT: 0.685136778; NFLX: 0.103922; NVDA: 0.081349; PYPL: 4.453343; SPY: 1; TSLA: 0.785995999; V: 0.959106708,550.28,546.67,549.67,11038085
2024-06-28 15:50:02,100058.37,97883.98,AAPL: 0.890713769; AMZN: 0.778085333; GOOG: 0.86216355; META: 0.117036; MSFT: 0.685136778; NFLX: 0.103922; NVDA: 0.081349; PYPL: 4.453343; SPY: 1; TSLA: 0.785995999; V: 0.921797708,550.28,546.67,549.67,11038085
2024-06-28 15:50:02,100058.33,97873.85,AAPL: 0.890713769; AMZN: 0.778085333; GOOG: 0.86216355; META: 0.117036; MSFT: 0.685136778; NFLX: 0.103922; NVDA: 0.161516; PYPL: 4.453343; SPY: 1; TSLA: 0.785995999; V: 0.921797708,550.28,546.67,549.67,11038085
2024-06-28 15:50:03,100058.33,97863.61,AAPL: 0.890713769; AMZN: 0.778085333; GOOG: 0.86216355; META: 0.117036; MSFT: 0.685136778; NFLX: 0.103922; NVDA: 0.161516; PYPL: 4.453343; SPY: 1; TSLA: 0.836482999; V: 0.921797708,550.28,546.67,549.67,11038085
2024-06-28 15:51:01,100056.17,97873.83,AAPL: 0.890713769; AMZN: 0.778085333; GOOG: 0.86216355; META: 0.117036; MSFT: 0.685136778; NFLX: 0.103922; NVDA: 0.161516; PYPL: 4.453343; SPY: 1; TSLA: 0.785995999; V: 0.921797708,550.28,546.67,549.29,11096971
2024-06-28 15:51:01,100056.08,97883.8,AAPL: 0.890713769; AMZN: 0.778085333; GOOG: 0.86216355; META: 0.117036; MSFT: 0.685136778; NFLX: 0.103922; NVDA: 0.161516; PYPL: 4.28284; SPY: 1; TSLA: 0.785995999; V: 0.921797708,550.28,546.67,549.29,11096971
2024-06-28 15:51:02,100056.11,97893.78,AAPL: 0.890713769; AMZN: 0.778085333; GOOG: 0.86216355; META: 0.117036; MSFT: 0.685136778; NFLX: 0.103922; NVDA: 0.161516; PYPL: 4.28284; SPY: 1; TSLA: 0.785995999; V: 0.884488708,550.28,546.67,549.29,11096971
2024-06-28 15:57:02,100054.13,97883.68,AAPL: 0.890713769; AMZN: 0.778085333; GOOG: 0.86216355; META: 0.117036; MSFT: 0.685136778; NFLX: 0.103922; NVDA: 0.241683; PYPL: 4.28284; SPY: 1; TSLA: 0.785995999; V: 0.884488708,550.28,546.67,548.78,11546251
2024-06-28 15:57:03,100054.03,97893.63,AAPL: 0.890713769; AMZN: 0.778085333; GOOG: 0.86216355; META: 0.117036; MSFT: 0.685136778; NFLX: 0.103922; NVDA: 0.241683; PYPL: 4.112337; SPY: 1; TSLA: 0.785995999; V: 0.884488708,550.28,546.67,548.78,11546251
2024-06-28 15:58:01,100052.59,97903.5,AAPL: 0.890713769; AMZN: 0.727801333; GOOG: 0.86216355; META: 0.117036; MSFT: 0.685136778; NFLX: 0.103922; NVDA: 0.241683; PYPL: 4.112337; SPY: 1; TSLA: 0.785995999; V: 0.884488708,550.28,546.67,548.36,11808156
2024-06-28 15:58:01,100052.6,97913.72,AAPL: 0.890713769; AMZN: 0.727801333; GOOG: 0.86216355; META: 0.117036; MSFT: 0.685136778; NFLX: 0.103922; NVDA: 0.241683; PYPL: 4.112337; SPY: 1; TSLA: 0.735508999; V: 0.884488708,550.28,546.67,548.36,11808156
2024-06-28 15:58:03,100052.65,97923.8,AAPL: 0.890713769; AMZN: 0.727801333; GOOG: 0.86216355; META: 0.117036; MSFT: 0.685136778; NFLX: 0.103922; NVDA: 0.161516; PYPL: 4.112337; SPY: 1; TSLA: 0.735508999; V: 0.884488708,550.28,546.67,548.36,11808156
2024-06-28 15:59:01,100053.61,97913.85,AAPL: 0.890713769; AMZN: 0.727801333; GOOG: 0.86216355; META: 0.117036; MSFT: 0.685136778; NFLX: 0.103922; NVDA: 0.161516; PYPL: 4.28284; SPY: 1; TSLA: 0.735508999; V: 0.884488708,550.28,546.67,548.5697,11906786
2024-06-28 15:59:02,100053.56,97923.72,AAPL: 0.890713769; AMZN: 0.677517333; GOOG: 0.86216355; META: 0.117036; MSFT: 0.685136778; NFLX: 0.103922; NVDA: 0.161516; PYPL: 4.28284; SPY: 1; TSLA: 0.735508999; V: 0.884488708,550.28,546.67,548.5697,11906786
2024-06-28 15:59:02,100053.65,97913.72,AAPL: 0.890713769; AMZN: 0.677517333; GOOG: 0.86216355; META: 0.117036; MSFT: 0.707177778; NFLX: 0.103922; NVDA: 0.161516; PYPL: 4.28284; SPY: 1; TSLA: 0.735508999; V: 0.884488708,550.28,546.67,548.5697,11906786
2024-06-28 15:59:04,100053.68,97903.49,AAPL: 0.890713769; AMZN: 0.677517333; GOOG: 0.86216355; META: 0.117036; MSFT: 0.707177778; NFLX: 0.103922; NVDA: 0.161516; PYPL: 4.28284; SPY: 1; TSLA: 0.785995999; V: 0.884488708,550.28,546.67,548.5697,11906786
2024-06-28 16:00:01,100054.02,97913.46,AAPL: 0.890713769; AMZN: 0.677517333; GOOG: 0.86216355; META: 0.117036; MSFT: 0.707177778; NFLX: 0.103922; NVDA: 0.161516; PYPL: 4.28284; SPY: 1; TSLA: 0.785995999; V: 0.847179708,550.28,546.67,548.63,12117656
2024-06-28 16:00:02,100054.07,97903.56,AAPL: 0.890713769; AMZN: 0.677517333; GOOG: 0.86216355; META: 0.13621; MSFT: 0.707177778; NFLX: 0.103922; NVDA: 0.161516; PYPL: 4.28284; SPY: 1; TSLA: 0.785995999; V: 0.847179708,550.28,546.67,548.63,12117656
2024-06-28 16:00:02,100053.99,97893.32,AAPL: 0.890713769; AMZN: 0.677517333; GOOG: 0.86216355; META: 0.13621; MSFT: 0.707177778; NFLX: 0.103922; NVDA: 0.161516; PYPL: 4.28284; SPY: 1; TSLA: 0.836482999; V: 0.847179708,550.28,546.67,548.63,12117656
2024-06-28 16:00:03,100053.97,97903.18,AAPL: 0.890713769; AMZN: 0.627233333; GOOG: 0.86216355; META: 0.13621; MSFT: 0.707177778; NFLX: 0.103922; NVDA: 0.161516; PYPL: 4.28284; SPY: 1; TSLA: 0.836482999; V: 0.847179708,550.28,546.67,548.63,12117656
2024-06-28 16:01:02,100053.33,97913.07,AAPL: 0.890713769; AMZN: 0.627233333; GOOG: 0.86216355; META: 0.117036; MSFT: 0.707177778; NFLX: 0.103922; NVDA: 0.161516; PYPL: 4.28284; SPY: 1; TSLA: 0.836482999; V: 0.847179708,550.28,546.67,548.37,12481195
2024-06-28 16:01:02,100053.35,97923.04,AAPL: 0.890713769; AMZN: 0.627233333; GOOG: 0.86216355; META: 0.117036; MSFT: 0.707177778; NFLX: 0.103922; NVDA: 0.161516; PYPL: 4.28284; SPY: 1; TSLA: 0.836482999; V: 0.809870708,550.28,546.67,548.37,12481195
2024-06-28 16:01:03,100053.43,97933.13,AAPL: 0.890713769; AMZN: 0.627233333; GOOG: 0.86216355; META: 0.117036; MSFT: 0.707177778; NFLX: 0.103922; NVDA: 0.081349; PYPL: 4.28284; SPY: 1; TSLA: 0.836482999; V: 0.809870708,550.28,546.67,548.37,12481195
2024-06-28 16:02:01,100050.19,97943.06,AAPL: 0.890713769; AMZN: 0.627233333; GOOG: 0.86216355; META: 0.117036; MSFT: 0.707177778; NFLX: 0.103922; NVDA: 0.081349; PYPL: 4.112337; SPY: 1; TSLA: 0.836482999; V: 0.809870708,550.28,546.67,547.78,12699117
2024-06-28 16:02:02,100050.43,97953.13,AAPL: 0.890713769; AMZN: 0.627233333; GOOG: 0.86216355; META: 0.117036; MSFT: 0.707177778; NFLX: 0.103922; NVDA: 0.001182; PYPL: 4.112337; SPY: 1; TSLA: 0.836482999; V: 0.809870708,550.28,546.67,547.78,12699117
2024-06-28 16:02:03,100050.53,97963.12,AAPL: 0.890713769; AMZN: 0.627233333; GOOG: 0.86216355; META: 0.117036; MSFT: 0.685136778; NFLX: 0.103922; NVDA: 0.001182; PYPL: 4.112337; SPY: 1; TSLA: 0.836482999; V: 0.809870708,550.28,546.67,547.78,12699117
2024-06-28 16:03:01,100051.44,97953.15,AAPL: 0.937300769; AMZN: 0.627233333; GOOG: 0.86216355; META: 0.117036; MSFT: 0.685136778; NFLX: 0.103922; NVDA: 0.001182; PYPL: 4.112337; SPY: 1; TSLA: 0.836482999; V: 0.809870708,550.28,546.67,547.92,12872452
2024-06-28 16:03:02,100050.86,97943.26,AAPL: 0.937300769; AMZN: 0.627233333; GOOG: 0.86216355; META: 0.117036; MSFT: 0.685136778; NFLX: 0.118478; NVDA: 0.001182; PYPL: 4.112337; SPY: 1; TSLA: 0.836482999; V: 0.809870708,550.28,546.67,547.92,12872452
2024-06-28 16:03:03,100050.9,97933.4,AAPL: 0.937300769; AMZN: 0.677517333; GOOG: 0.86216355; META: 0.117036; MSFT: 0.685136778; NFLX: 0.118478; NVDA: 0.001182; PYPL: 4.112337; SPY: 1; TSLA: 0.836482999; V: 0.809870708,550.28,546.67,547.92,12872452
2024-06-28 16:03:04,100051.02,97943.6,AAPL: 0.937300769; AMZN: 0.677517333; GOOG: 0.86216355; META: 0.117036; MSFT: 0.685136778; NFLX: 0.118478; NVDA: 0.001182; PYPL: 4.112337; SPY: 1; TSLA: 0.785995999; V: 0.809870708,550.28,546.67,547.92,12872452
2024-06-28 16:04:01,100051.6,97953.79,AAPL: 0.937300769; AMZN: 0.677517333; GOOG: 0.86216355; META: 0.117036; MSFT: 0.685136778; NFLX: 0.118478; NVDA: 0.001182; PYPL: 4.112337; SPY: 1; TSLA: 0.735508999; V: 0.809870708,550.28,546.67,547.9,12932827
2024-06-28 16:04:01,100051.5,97963.75,AAPL: 0.937300769; AMZN: 0.677517333; GOOG: 0.86216355; META: 0.117036; MSFT: 0.685136778; NFLX: 0.118478; NVDA: 0.001182; PYPL: 4.112337; SPY: 1; TSLA: 0.735508999; V: 0.772561708,550.28,546.67,547.9,12932827
2024-06-28 16:04:02,100051.35,97953.86,AAPL: 0.937300769; AMZN: 0.677517333; GOOG: 0.86216355; META: 0.117036; MSFT: 0.685136778; NFLX: 0.133034; NVDA: 0.001182; PYPL: 4.112337; SPY: 1; TSLA: 0.735508999; V: 0.772561708,550.28,546.67,547.9,12932827
2024-06-28 16:04:04,100051.42,97943.88,AAPL: 0.983887769; AMZN: 0.677517333; GOOG: 0.86216355; META: 0.117036; MSFT: 0.685136778; NFLX: 0.133034; NVDA: 0.001182; PYPL: 4.112337; SPY: 1; TSLA: 0.735508999; V: 0.772561708,550.28,546.67,547.9,12932827
2024-06-28 16:05:01,100051.15,97933.9,AAPL: 1.030474769; AMZN: 0.677517333; GOOG: 0.86216355; META: 0.117036; MSFT: 0.685136778; NFLX: 0.133034; NVDA: 0.001182; PYPL: 4.112337; SPY: 1; TSLA: 0.735508999; V: 0.772561708,550.28,546.67,547.86,13000544
2024-06-28 16:05:01,100051.11,97944.08,AAPL: 1.030474769; AMZN: 0.677517333; GOOG: 0.86216355; META: 0.117036; MSFT: 0.685136778; NFLX: 0.133034; NVDA: 0.001182; PYPL: 4.112337; SPY: 1; TSLA: 0.685021999; V: 0.772561708,550.28,546.67,547.86,13000544
2024-06-28 16:05:03,100051.28,97954.01,AAPL: 1.030474769; AMZN: 0.677517333; GOOG: 0.86216355; META: 0.117036; MSFT: 0.685136778; NFLX: 0.133034; NVDA: 0.001182; PYPL: 3.941834; SPY: 1; TSLA: 0.685021999; V: 0.772561708,550.28,546.67,547.86,13000544
2024-06-28 16:05:04,100051.32,97943.93,AAPL: 1.030474769; AMZN: 0.677517333; GOOG: 0.86216355; META: 0.117036; MSFT: 0.685136778; NFLX: 0.133034; NVDA: 0.081349; PYPL: 3.941834; SPY: 1; TSLA: 0.685021999; V: 0.772561708,550.28,546.67,547.86,13000544
2024-06-28 16:06:01,100050.85,97953.9,AAPL: 0.983887769; AMZN: 0.677517333; GOOG: 0.86216355; META: 0.117036; MSFT: 0.685136778; NFLX: 0.133034; NVDA: 0.081349; PYPL: 3.941834; SPY: 1; TSLA: 0.685021999; V: 0.772561708,550.28,546.67,547.92,13069922
2024-06-28 16:06:02,100050.75,97963.76,AAPL: 0.983887769; AMZN: 0.627233333; GOOG: 0.86216355; META: 0.117036; MSFT: 0.685136778; NFLX: 0.133034; NVDA: 0.081349; PYPL: 3.941834; SPY: 1; TSLA: 0.685021999; V: 0.772561708,550.28,546.67,547.92,13069922
2024-06-28 16:06:02,100050.75,97973.83,AAPL: 0.983887769; AMZN: 0.627233333; GOOG: 0.86216355; META: 0.117036; MSFT: 0.685136778; NFLX: 0.133034; NVDA: 0.001182; PYPL: 3.941834; SPY: 1; TSLA: 0.685021999; V: 0.772561708,550.28,546.67,547.92,13069922
2024-06-28 16:06:03,100050.7,97963.87,AAPL: 0.983887769; AMZN: 0.627233333; GOOG: 0.86216355; META: 0.117036; MSFT: 0.685136778; NFLX: 0.133034; NVDA: 0.001182; PYPL: 3.941834; SPY: 1; TSLA: 0.685021999; V: 0.809870708,550.28,546.67,547.92,13069922
2024-06-28 16:06:04,100050.7,97973.76,AAPL: 0.983887769; AMZN: 0.627233333; GOOG: 0.80887855; META: 0.117036; MSFT: 0.685136778; NFLX: 0.133034; NVDA: 0.001182; PYPL: 3.941834; SPY: 1; TSLA: 0.685021999; V: 0.809870708,550.28,546.67,547.92,13069922
2024-06-28 16:06:05,100050.72,97983.65,AAPL: 0.983887769; AMZN: 0.627233333; GOOG: 0.80887855; META: 0.097862; MSFT: 0.685136778; NFLX: 0.133034; NVDA: 0.001182; PYPL: 3.941834; SPY: 1; TSLA: 0.685021999; V: 0.809870708,550.28,546.67,547.92,13069922
2024-06-28 16:06:06,100050.77,97993.53,AAPL: 0.983887769; AMZN: 0.627233333; GOOG: 0.80887855; META: 0.097862; MSFT: 0.685136778; NFLX: 0.118478; NVDA: 0.001182; PYPL: 3.941834; SPY: 1; TSLA: 0.685021999; V: 0.809870708,550.28,546.67,547.92,13069922
2024-06-28 16:07:01,100049.91,98003.51,AAPL: 0.983887769; AMZN: 0.627233333; GOOG: 0.80887855; META: 0.097862; MSFT: 0.663095778; NFLX: 0.118478; NVDA: 0.001182; PYPL: 3.941834; SPY: 1; TSLA: 0.685021999; V: 0.809870708,550.28,546.67,547.7,13215381
2024-06-28 16:07:02,100049.97,98013.69,AAPL: 0.983887769; AMZN: 0.627233333; GOOG: 0.80887855; META: 0.097862; MSFT: 0.663095778; NFLX: 0.118478; NVDA: 0.001182; PYPL: 3.941834; SPY: 1; TSLA: 0.634534999; V: 0.809870708,550.28,546.67,547.7,13215381
2024-06-28 16:07:03,100049.78,98023.58,AAPL: 0.983887769; AMZN: 0.627233333; GOOG: 0.80887855; META: 0.078688; MSFT: 0.663095778; NFLX: 0.118478; NVDA: 0.001182; PYPL: 3.941834; SPY: 1; TSLA: 0.634534999; V: 0.809870708,550.28,546.67,547.7,13215381
2024-06-28 16:07:04,100049.43,98033.44,AAPL: 0.983887769; AMZN: 0.576949333; GOOG: 0.80887855; META: 0.078688; MSFT: 0.663095778; NFLX: 0.118478; NVDA: 0.001182; PYPL: 3.941834; SPY: 1; TSLA: 0.634534999; V: 0.809870708,550.28,546.67,547.7,13215381
2024-06-28 16:08:01,100049.96,98023.51,AAPL: 0.983887769; AMZN: 0.576949333; GOOG: 0.80887855; META: 0.078688; MSFT: 0.663095778; NFLX: 0.118478; NVDA: 0.001182; PYPL: 4.112337; SPY: 1; TSLA: 0.634534999; V: 0.809870708,550.28,546.67,547.8,13538321
2024-06-28 16:08:01,100049.77,98033.7,AAPL: 0.983887769; AMZN: 0.576949333; GOOG: 0.80887855; META: 0.078688; MSFT: 0.663095778; NFLX: 0.118478; NVDA: 0.001182; PYPL: 4.112337; SPY: 1; TSLA: 0.584047999; V: 0.809870708,550.28,546.67,547.8,13538321
2024-06-28 16:08:02,100049.7,98043.58,AAPL: 0.983887769; AMZN: 0.576949333; GOOG: 0.80887855; META: 0.078688; MSFT: 0.663095778; NFLX: 0.103922; NVDA: 0.001182; PYPL: 4.112337; SPY: 1; TSLA: 0.584047999; V: 0.809870708,550.28,546.67,547.8,13538321
2024-06-28 16:08:03,100049.68,98053.55,AAPL: 0.937300769; AMZN: 0.576949333; GOOG: 0.80887855; META: 0.078688; MSFT: 0.663095778; NFLX: 0.103922; NVDA: 0.001182; PYPL: 4.112337; SPY: 1; TSLA: 0.584047999; V: 0.809870708,550.28,546.67,547.8,13538321
2024-06-28 16:09:01,100049.14,98043.66,AAPL: 0.937300769; AMZN: 0.576949333; GOOG: 0.80887855; META: 0.078688; MSFT: 0.663095778; NFLX: 0.118478; NVDA: 0.001182; PYPL: 4.112337; SPY: 1; TSLA: 0.584047999; V: 0.809870708,550.28,546.67,547.47,13661489
2024-06-28 16:09:02,100049,98033.46,AAPL: 0.937300769; AMZN: 0.576949333; GOOG: 0.80887855; META: 0.078688; MSFT: 0.663095778; NFLX: 0.118478; NVDA: 0.001182; PYPL: 4.112337; SPY: 1; TSLA: 0.634534999; V: 0.809870708,550.28,546.67,547.47,13661489
2024-06-28 16:09:03,100048.93,98043.3,AAPL: 0.937300769; AMZN: 0.526665333; GOOG: 0.80887855; META: 0.078688; MSFT: 0.663095778; NFLX: 0.118478; NVDA: 0.001182; PYPL: 4.112337; SPY: 1; TSLA: 0.634534999; V: 0.809870708,550.28,546.67,547.47,13661489
2024-06-28 16:10:01,100048.45,98033.32,AAPL: 0.937300769; AMZN: 0.526665333; GOOG: 0.80887855; META: 0.078688; MSFT: 0.685136778; NFLX: 0.118478; NVDA: 0.001182; PYPL: 4.112337; SPY: 1; TSLA: 0.634534999; V: 0.809870708,550.28,546.67,547.46,13751288
2024-06-28 16:10:02,100048.65,98023.35,AAPL: 0.983887769; AMZN: 0.526665333; GOOG: 0.80887855; META: 0.078688; MSFT: 0.685136778; NFLX: 0.118478; NVDA: 0.001182; PYPL: 4.112337; SPY: 1; TSLA: 0.634534999; V: 0.809870708,550.28,546.67,547.46,13751288
2024-06-28 16:11:01,100048.66,98013.46,AAPL: 0.983887769; AMZN: 0.526665333; GOOG: 0.80887855; META: 0.078688; MSFT: 0.685136778; NFLX: 0.133034; NVDA: 0.001182; PYPL: 4.112337; SPY: 1; TSLA: 0.634534999; V: 0.809870708,550.28,546.67,547.5299,13880734
2024-06-28 16:11:02,100048.68,98003.48,AAPL: 1.030474769; AMZN: 0.526665333; GOOG: 0.80887855; META: 0.078688; MSFT: 0.685136778; NFLX: 0.133034; NVDA: 0.001182; PYPL: 4.112337; SPY: 1; TSLA: 0.634534999; V: 0.809870708,550.28,546.67,547.5299,13880734
2024-06-28 16:11:03,100048.66,97993.63,AAPL: 1.030474769; AMZN: 0.576949333; GOOG: 0.80887855; META: 0.078688; MSFT: 0.685136778; NFLX: 0.133034; NVDA: 0.001182; PYPL: 4.112337; SPY: 1; TSLA: 0.634534999; V: 0.809870708,550.28,546.67,547.5299,13880734
2024-06-28 16:15:02,100048.61,98003.77,AAPL: 1.030474769; AMZN: 0.576949333; GOOG: 0.80887855; META: 0.078688; MSFT: 0.685136778; NFLX: 0.133034; NVDA: 0.001182; PYPL: 4.112337; SPY: 1; TSLA: 0.584047999; V: 0.809870708,550.28,546.67,547.64,14174750
2024-06-28 16:16:01,100048.37,97993.83,AAPL: 1.030474769; AMZN: 0.576949333; GOOG: 0.80887855; META: 0.078688; MSFT: 0.685136778; NFLX: 0.133034; NVDA: 0.001182; PYPL: 4.112337; SPY: 1; TSLA: 0.584047999; V: 0.847179708,550.28,546.67,547.57,14276713
2024-06-28 16:16:01,100048.37,97983.85,AAPL: 1.077061769; AMZN: 0.576949333; GOOG: 0.80887855; META: 0.078688; MSFT: 0.685136778; NFLX: 0.133034; NVDA: 0.001182; PYPL: 4.112337; SPY: 1; TSLA: 0.584047999; V: 0.847179708,550.28,546.67,547.57,14276713
2024-06-28 16:16:02,100048.41,97993.83,AAPL: 1.077061769; AMZN: 0.576949333; GOOG: 0.80887855; META: 0.078688; MSFT: 0.663095778; NFLX: 0.133034; NVDA: 0.001182; PYPL: 4.112337; SPY: 1; TSLA: 0.584047999; V: 0.847179708,550.28,546.67,547.57,14276713
2024-06-28 16:16:03,100048.44,98003.67,AAPL: 1.077061769; AMZN: 0.526665333; GOOG: 0.80887855; META: 0.078688; MSFT: 0.663095778; NFLX: 0.133034; NVDA: 0.001182; PYPL: 4.112337; SPY: 1; TSLA: 0.584047999; V: 0.847179708,550.28,546.67,547.57,14276713
2024-06-28 16:17:01,100049.04,97993.68,AAPL: 1.123648769; AMZN: 0.526665333; GOOG: 0.80887855; META: 0.078688; MSFT: 0.663095778; NFLX: 0.133034; NVDA: 0.001182; PYPL: 4.112337; SPY: 1; TSLA: 0.584047999; V: 0.847179708,550.28,546.67,547.66,14355284
2024-06-28 16:17:02,100049.12,97983.62,AAPL: 1.123648769; AMZN: 0.526665333; GOOG: 0.80887855; META: 0.078688; MSFT: 0.663095778; NFLX: 0.133034; NVDA: 0.081349; PYPL: 4.112337; SPY: 1; TSLA: 0.584047999; V: 0.847179708,550.28,546.67,547.66,14355284
2024-06-28 16:17:03,100049.1,97973.7,AAPL: 1.123648769; AMZN: 0.526665333; GOOG: 0.80887855; META: 0.078688; MSFT: 0.663095778; NFLX: 0.133034; NVDA: 0.081349; PYPL: 4.28284; SPY: 1; TSLA: 0.584047999; V: 0.847179708,550.28,546.67,547.66,14355284
2024-06-28 16:18:01,100049.41,97983.68,AAPL: 1.123648769; AMZN: 0.526665333; GOOG: 0.80887855; META: 0.078688; MSFT: 0.641054778; NFLX: 0.133034; NVDA: 0.081349; PYPL: 4.28284; SPY: 1; TSLA: 0.584047999; V: 0.847179708,550.28,546.67,547.78,14427840
2024-06-28 16:18:02,100049.41,97973.74,AAPL: 1.123648769; AMZN: 0.526665333; GOOG: 0.80887855; META: 0.078688; MSFT: 0.641054778; NFLX: 0.133034; NVDA: 0.081349; PYPL: 4.28284; SPY: 1; TSLA: 0.584047999; V: 0.884488708,550.28,546.67,547.78,14427840
2024-06-28 16:18:02,100049.36,97963.89,AAPL: 1.123648769; AMZN: 0.576949333; GOOG: 0.80887855; META: 0.078688; MSFT: 0.641054778; NFLX: 0.133034; NVDA: 0.081349; PYPL: 4.28284; SPY: 1; TSLA: 0.584047999; V: 0.884488708,550.28,546.67,547.78,14427840
2024-06-28 16:19:01,100049.25,97953.99,AAPL: 1.123648769; AMZN: 0.576949333; GOOG: 0.80887855; META: 0.078688; MSFT: 0.641054778; NFLX: 0.14759; NVDA: 0.081349; PYPL: 4.28284; SPY: 1; TSLA: 0.584047999; V: 0.884488708,550.28,546.67,547.67,14474678
2024-06-28 16:19:01,100049.25,97963.84,AAPL: 1.123648769; AMZN: 0.526665333; GOOG: 0.80887855; META: 0.078688; MSFT: 0.641054778; NFLX: 0.14759; NVDA: 0.081349; PYPL: 4.28284; SPY: 1; TSLA: 0.584047999; V: 0.884488708,550.28,546.67,547.67,14474678
2024-06-28 16:19:02,100049.23,97973.82,AAPL: 1.123648769; AMZN: 0.526665333; GOOG: 0.80887855; META: 0.078688; MSFT: 0.619013778; NFLX: 0.14759; NVDA: 0.081349; PYPL: 4.28284; SPY: 1; TSLA: 0.584047999; V: 0.884488708,550.28,546.67,547.67,14474678
2024-06-28 16:19:03,100049.23,97983.81,AAPL: 1.077061769; AMZN: 0.526665333; GOOG: 0.80887855; META: 0.078688; MSFT: 0.619013778; NFLX: 0.14759; NVDA: 0.081349; PYPL: 4.28284; SPY: 1; TSLA: 0.584047999; V: 0.884488708,550.28,546.67,547.67,14474678
2024-06-28 16:19:04,100049.24,97993.73,AAPL: 1.077061769; AMZN: 0.526665333; GOOG: 0.80887855; META: 0.078688; MSFT: 0.619013778; NFLX: 0.14759; NVDA: 0.081349; PYPL: 4.112337; SPY: 1; TSLA: 0.584047999; V: 0.884488708,550.28,546.67,547.67,14474678
2024-06-28 16:19:04,100049.21,97983.58,AAPL: 1.077061769; AMZN: 0.526665333; GOOG: 0.80887855; META: 0.078688; MSFT: 0.619013778; NFLX: 0.14759; NVDA: 0.081349; PYPL: 4.112337; SPY: 1; TSLA: 0.634534999; V: 0.884488708,550.28,546.67,547.67,14474678
2024-06-28 16:20:01,100049.37,97993.56,AAPL: 1.030474769; AMZN: 0.526665333; GOOG: 0.80887855; META: 0.078688; MSFT: 0.619013778; NFLX: 0.14759; NVDA: 0.081349; PYPL: 4.112337; SPY: 1; TSLA: 0.634534999; V: 0.884488708,550.28,546.67,547.78,14525032
2024-06-28 16:20:01,100049.39,98003.5,AAPL: 1.030474769; AMZN: 0.526665333; GOOG: 0.80887855; META: 0.078688; MSFT: 0.619013778; NFLX: 0.14759; NVDA: 0.081349; PYPL: 4.112337; SPY: 1; TSLA: 0.634534999; V: 0.847179708,550.28,546.67,547.78,14525032
2024-06-28 16:20:02,100049.41,97993.44,AAPL: 1.030474769; AMZN: 0.526665333; GOOG: 0.80887855; META: 0.078688; MSFT: 0.619013778; NFLX: 0.14759; NVDA: 0.161516; PYPL: 4.112337; SPY: 1; TSLA: 0.634534999; V: 0.847179708,550.28,546.67,547.78,14525032
2024-06-28 16:20:03,100049.48,97983.45,AAPL: 1.030474769; AMZN: 0.526665333; GOOG: 0.80887855; META: 0.078688; MSFT: 0.641054778; NFLX: 0.14759; NVDA: 0.161516; PYPL: 4.112337; SPY: 1; TSLA: 0.634534999; V: 0.847179708,550.28,546.67,547.78,14525032
2024-06-28 16:21:01,100049.67,97973.36,AAPL: 1.030474769; AMZN: 0.526665333; GOOG: 0.80887855; META: 0.078688; MSFT: 0.641054778; NFLX: 0.14759; NVDA: 0.241683; PYPL: 4.112337; SPY: 1; TSLA: 0.634534999; V: 0.847179708,550.28,546.67,547.93,14634743
2024-06-28 16:21:02,100049.55,97983.26,AAPL: 1.030474769; AMZN: 0.526665333; GOOG: 0.80887855; META: 0.078688; MSFT: 0.641054778; NFLX: 0.14759; NVDA: 0.241683; PYPL: 3.941834; SPY: 1; TSLA: 0.634534999; V: 0.847179708,550.28,546.67,547.93,14634743
2024-06-28 16:21:03,100049.49,97973.36,AAPL: 1.030474769; AMZN: 0.526665333; GOOG: 0.80887855; META: 0.078688; MSFT: 0.641054778; NFLX: 0.162146; NVDA: 0.241683; PYPL: 3.941834; SPY: 1; TSLA: 0.634534999; V: 0.847179708,550.28,546.67,547.93,14634743
2024-06-28 16:21:03,100049.48,97963.5,AAPL: 1.030474769; AMZN: 0.576949333; GOOG: 0.80887855; META: 0.078688; MSFT: 0.641054778; NFLX: 0.162146; NVDA: 0.241683; PYPL: 3.941834; SPY: 1; TSLA: 0.634534999; V: 0.847179708,550.28,546.67,547.93,14634743
2024-06-28 16:22:01,100049.56,97973.41,AAPL: 1.030474769; AMZN: 0.576949333; GOOG: 0.80887855; META: 0.078688; MSFT: 0.641054778; NFLX: 0.162146; NVDA: 0.241683; PYPL: 3.771331; SPY: 1; TSLA: 0.634534999; V: 0.847179708,550.28,546.67,547.98,14693518
2024-06-28 16:22:01,100049.63,97963.42,AAPL: 1.077061769; AMZN: 0.576949333; GOOG: 0.80887855; META: 0.078688; MSFT: 0.641054778; NFLX: 0.162146; NVDA: 0.241683; PYPL: 3.771331; SPY: 1; TSLA: 0.634534999; V: 0.847179708,550.28,546.67,547.98,14693518
2024-06-28 16:22:02,100049.68,97953.52,AAPL: 1.077061769; AMZN: 0.576949333; GOOG: 0.80887855; META: 0.078688; MSFT: 0.641054778; NFLX: 0.176702; NVDA: 0.241683; PYPL: 3.771331; SPY: 1; TSLA: 0.634534999; V: 0.847179708,550.28,546.67,547.98,14693518
2024-06-28 16:22:03,100049.65,97963.38,AAPL: 1.077061769; AMZN: 0.526665333; GOOG: 0.80887855; META: 0.078688; MSFT: 0.641054778; NFLX: 0.176702; NVDA: 0.241683; PYPL: 3.771331; SPY: 1; TSLA: 0.634534999; V: 0.847179708,550.28,546.67,547.98,14693518
2024-06-28 16:22:03,100049.62,97953.28,AAPL: 1.077061769; AMZN: 0.526665333; GOOG: 0.80887855; META: 0.078688; MSFT: 0.641054778; NFLX: 0.176702; NVDA: 0.32185; PYPL: 3.771331; SPY: 1; TSLA: 0.634534999; V: 0.847179708,550.28,546.67,547.98,14693518
2024-06-28 16:22:04,100049.65,97963.42,AAPL: 1.077061769; AMZN: 0.526665333; GOOG: 0.80887855; META: 0.078688; MSFT: 0.641054778; NFLX: 0.176702; NVDA: 0.32185; PYPL: 3.771331; SPY: 1; TSLA: 0.584047999; V: 0.847179708,550.28,546.67,547.98,14693518
2024-06-28 16:22:05,100049.56,97973.35,AAPL: 1.077061769; AMZN: 0.526665333; GOOG: 0.80887855; META: 0.078688; MSFT: 0.641054778; NFLX: 0.176702; NVDA: 0.32185; PYPL: 3.771331; SPY: 1; TSLA: 0.584047999; V: 0.809870708,550.28,546.67,547.98,14693518
2024-06-28 16:22:05,100049.91,97963.46,AAPL: 1.077061769; AMZN: 0.526665333; GOOG: 0.86216355; META: 0.078688; MSFT: 0.641054778; NFLX: 0.176702; NVDA: 0.32185; PYPL: 3.771331; SPY: 1; TSLA: 0.584047999; V: 0.809870708,550.28,546.67,547.98,14693518
2024-06-28 16:23:01,100050.36,97953.33,AAPL: 1.077061769; AMZN: 0.526665333; GOOG: 0.86216355; META: 0.078688; MSFT: 0.641054778; NFLX: 0.176702; NVDA: 0.32185; PYPL: 3.771331; SPY: 1; TSLA: 0.634534999; V: 0.809870708,550.28,546.67,548.155,14859182
2024-06-28 16:23:01,100050.35,97943.21,AAPL: 1.077061769; AMZN: 0.526665333; GOOG: 0.86216355; META: 0.078688; MSFT: 0.641054778; NFLX: 0.176702; NVDA: 0.402017; PYPL: 3.771331; SPY: 1; TSLA: 0.634534999; V: 0.809870708,550.28,546.67,548.155,14859182
2024-06-28 16:23:02,100050.33,97933.3,AAPL: 1.077061769; AMZN: 0.526665333; GOOG: 0.86216355; META: 0.078688; MSFT: 0.641054778; NFLX: 0.176702; NVDA: 0.402017; PYPL: 3.941834; SPY: 1; TSLA: 0.634534999; V: 0.809870708,550.28,546.67,548.155,14859182
2024-06-28 16:23:02,100050.33,97923.37,AAPL: 1.077061769; AMZN: 0.526665333; GOOG: 0.86216355; META: 0.078688; MSFT: 0.641054778; NFLX: 0.176702; NVDA: 0.402017; PYPL: 3.941834; SPY: 1; TSLA: 0.634534999; V: 0.847179708,550.28,546.67,548.155,14859182
2024-06-28 16:23:03,100050.33,97913.37,AAPL: 1.077061769; AMZN: 0.526665333; GOOG: 0.86216355; META: 0.078688; MSFT: 0.663095778; NFLX: 0.176702; NVDA: 0.402017; PYPL: 3.941834; SPY: 1; TSLA: 0.634534999; V: 0.847179708,550.28,546.67,548.155,14859182
2024-06-28 16:23:04,100050.32,97903.48,AAPL: 1.077061769; AMZN: 0.526665333; GOOG: 0.91544855; META: 0.078688; MSFT: 0.663095778; NFLX: 0.176702; NVDA: 0.402017; PYPL: 3.941834; SPY: 1; TSLA: 0.634534999; V: 0.847179708,550.28,546.67,548.155,14859182
2024-06-28 16:23:04,100050.34,97893.48,AAPL: 1.123648769; AMZN: 0.526665333; GOOG: 0.91544855; META: 0.078688; MSFT: 0.663095778; NFLX: 0.176702; NVDA: 0.402017; PYPL: 3.941834; SPY: 1; TSLA: 0.634534999; V: 0.847179708,550.28,546.67,548.155,14859182
2024-06-28 16:23:05,100050.32,97883.58,AAPL: 1.123648769; AMZN: 0.526665333; GOOG: 0.91544855; META: 0.097862; MSFT: 0.663095778; NFLX: 0.176702; NVDA: 0.402017; PYPL: 3.941834; SPY: 1; TSLA: 0.634534999; V: 0.847179708,550.28,546.67,548.155,14859182
2024-06-28 16:23:06,100050.31,97893.44,AAPL: 1.123648769; AMZN: 0.476381333; GOOG: 0.91544855; META: 0.097862; MSFT: 0.663095778; NFLX: 0.176702; NVDA: 0.402017; PYPL: 3.941834; SPY: 1; TSLA: 0.634534999; V: 0.847179708,550.28,546.67,548.155,14859182
2024-06-28 16:42:01,100049.38,97883.32,AAPL: 1.123648769; AMZN: 0.476381333; GOOG: 0.91544855; META: 0.097862; MSFT: 0.663095778; NFLX: 0.176702; NVDA: 0.482184; PYPL: 3.941834; SPY: 1; TSLA: 0.634534999; V: 0.847179708,550.28,546.67,547.9311,16163713
2024-06-28 16:42:02,100049.27,97873.32,AAPL: 1.123648769; AMZN: 0.476381333; GOOG: 0.91544855; META: 0.097862; MSFT: 0.685136778; NFLX: 0.176702; NVDA: 0.482184; PYPL: 3.941834; SPY: 1; TSLA: 0.634534999; V: 0.847179708,550.28,546.67,547.9311,16163713
2024-06-28 16:42:03,100049.21,97883.21,AAPL: 1.123648769; AMZN: 0.476381333; GOOG: 0.91544855; META: 0.078688; MSFT: 0.685136778; NFLX: 0.176702; NVDA: 0.482184; PYPL: 3.941834; SPY: 1; TSLA: 0.634534999; V: 0.847179708,550.28,546.67,547.9311,16163713
2024-06-28 16:42:03,100049.17,97873.36,AAPL: 1.123648769; AMZN: 0.526665333; GOOG: 0.91544855; META: 0.078688; MSFT: 0.685136778; NFLX: 0.176702; NVDA: 0.482184; PYPL: 3.941834; SPY: 1; TSLA: 0.634534999; V: 0.847179708,550.28,546.67,547.9311,16163713
2024-06-28 16:42:04,100049.41,97883.46,AAPL: 1.123648769; AMZN: 0.526665333; GOOG: 0.91544855; META: 0.078688; MSFT: 0.685136778; NFLX: 0.176702; NVDA: 0.482184; PYPL: 3.941834; SPY: 1; TSLA: 0.584047999; V: 0.847179708,550.28,546.67,547.9311,16163713
2024-06-28 16:43:01,100048.49,97893.34,AAPL: 1.123648769; AMZN: 0.526665333; GOOG: 0.91544855; META: 0.059514; MSFT: 0.685136778; NFLX: 0.176702; NVDA: 0.482184; PYPL: 3.941834; SPY: 1; TSLA: 0.584047999; V: 0.847179708,550.28,546.67,547.81,16236734
2024-06-28 16:43:01,100048.47,97903.34,AAPL: 1.123648769; AMZN: 0.526665333; GOOG: 0.91544855; META: 0.059514; MSFT: 0.663095778; NFLX: 0.176702; NVDA: 0.482184; PYPL: 3.941834; SPY: 1; TSLA: 0.584047999; V: 0.847179708,550.28,546.67,547.81,16236734
2024-06-28 16:43:02,100048.51,97913.45,AAPL: 1.123648769; AMZN: 0.526665333; GOOG: 0.91544855; META: 0.059514; MSFT: 0.663095778; NFLX: 0.176702; NVDA: 0.402017; PYPL: 3.941834; SPY: 1; TSLA: 0.584047999; V: 0.847179708,550.28,546.67,547.81,16236734
2024-06-28 16:43:03,100048.57,97923.43,AAPL: 1.077061769; AMZN: 0.526665333; GOOG: 0.91544855; META: 0.059514; MSFT: 0.663095778; NFLX: 0.176702; NVDA: 0.402017; PYPL: 3.941834; SPY: 1; TSLA: 0.584047999; V: 0.847179708,550.28,546.67,547.81,16236734
2024-06-28 16:44:01,100048.34,97933.31,AAPL: 1.077061769; AMZN: 0.526665333; GOOG: 0.86216355; META: 0.059514; MSFT: 0.663095778; NFLX: 0.176702; NVDA: 0.402017; PYPL: 3.941834; SPY: 1; TSLA: 0.584047999; V: 0.847179708,550.28,546.67,547.75,16307336
2024-06-28 16:44:02,100048.26,97943.31,AAPL: 1.077061769; AMZN: 0.526665333; GOOG: 0.86216355; META: 0.059514; MSFT: 0.641054778; NFLX: 0.176702; NVDA: 0.402017; PYPL: 3.941834; SPY: 1; TSLA: 0.584047999; V: 0.847179708,550.28,546.67,547.75,16307336
2024-06-28 16:44:02,100048.29,97933.33,AAPL: 1.123648769; AMZN: 0.526665333; GOOG: 0.86216355; META: 0.059514; MSFT: 0.641054778; NFLX: 0.176702; NVDA: 0.402017; PYPL: 3.941834; SPY: 1; TSLA: 0.584047999; V: 0.847179708,550.28,546.67,547.75,16307336
2024-06-28 16:44:03,100048.3,97943.23,AAPL: 1.123648769; AMZN: 0.526665333; GOOG: 0.86216355; META: 0.059514; MSFT: 0.641054778; NFLX: 0.176702; NVDA: 0.402017; PYPL: 3.771331; SPY: 1; TSLA: 0.584047999; V: 0.847179708,550.28,546.67,547.75,16307336
2024-06-28 16:45:01,100048.76,97933.12,AAPL: 1.123648769; AMZN: 0.526665333; GOOG: 0.86216355; META: 0.059514; MSFT: 0.641054778; NFLX: 0.176702; NVDA: 0.402017; PYPL: 3.771331; SPY: 1; TSLA: 0.634534999; V: 0.847179708,550.28,546.67,547.81,16332417
2024-06-28 16:45:01,100048.82,97943.02,AAPL: 1.123648769; AMZN: 0.526665333; GOOG: 0.86216355; META: 0.059514; MSFT: 0.641054778; NFLX: 0.176702; NVDA: 0.402017; PYPL: 3.600828; SPY: 1; TSLA: 0.634534999; V: 0.847179708,550.28,546.67,547.81,16332417
2024-06-28 16:45:02,100048.82,97933.13,AAPL: 1.123648769; AMZN: 0.526665333; GOOG: 0.86216355; META: 0.078688; MSFT: 0.641054778; NFLX: 0.176702; NVDA: 0.402017; PYPL: 3.600828; SPY: 1; TSLA: 0.634534999; V: 0.847179708,550.28,546.67,547.81,16332417
2024-06-28 16:45:02,100048.78,97923.15,AAPL: 1.170235769; AMZN: 0.526665333; GOOG: 0.86216355; META: 0.078688; MSFT: 0.641054778; NFLX: 0.176702; NVDA: 0.402017; PYPL: 3.600828; SPY: 1; TSLA: 0.634534999; V: 0.847179708,550.28,546.67,547.81,16332417
2024-06-28 16:45:03,100048.76,97913.19,AAPL: 1.170235769; AMZN: 0.526665333; GOOG: 0.86216355; META: 0.078688; MSFT: 0.641054778; NFLX: 0.176702; NVDA: 0.402017; PYPL: 3.600828; SPY: 1; TSLA: 0.634534999; V: 0.884488708,550.28,546.67,547.81,16332417
2024-06-28 16:46:01,100048.67,97903.2,AAPL: 1.216822769; AMZN: 0.526665333; GOOG: 0.86216355; META: 0.078688; MSFT: 0.641054778; NFLX: 0.176702; NVDA: 0.402017; PYPL: 3.600828; SPY: 1; TSLA: 0.634534999; V: 0.884488708,550.28,546.67,547.775,16364551
2024-06-28 16:46:02,100048.58,97913.19,AAPL: 1.216822769; AMZN: 0.526665333; GOOG: 0.86216355; META: 0.078688; MSFT: 0.619013778; NFLX: 0.176702; NVDA: 0.402017; PYPL: 3.600828; SPY: 1; TSLA: 0.634534999; V: 0.884488708,550.28,546.67,547.775,16364551
2024-06-28 16:46:03,100048.63,97903.29,AAPL: 1.216822769; AMZN: 0.526665333; GOOG: 0.86216355; META: 0.078688; MSFT: 0.619013778; NFLX: 0.176702; NVDA: 0.402017; PYPL: 3.771331; SPY: 1; TSLA: 0.634534999; V: 0.884488708,550.28,546.67,547.775,16364551
2024-06-28 16:46:03,100048.63,97893.16,AAPL: 1.216822769; AMZN: 0.526665333; GOOG: 0.86216355; META: 0.078688; MSFT: 0.619013778; NFLX: 0.176702; NVDA: 0.482184; PYPL: 3.771331; SPY: 1; TSLA: 0.634534999; V: 0.884488708,550.28,546.67,547.775,16364551
2024-06-28 16:47:01,100048.43,97903.05,AAPL: 1.216822769; AMZN: 0.526665333; GOOG: 0.86216355; META: 0.078688; MSFT: 0.619013778; NFLX: 0.176702; NVDA: 0.482184; PYPL: 3.600828; SPY: 1; TSLA: 0.634534999; V: 0.884488708,550.28,546.67,547.77,16413025
2024-06-28 16:47:02,100048.41,97912.99,AAPL: 1.216822769; AMZN: 0.526665333; GOOG: 0.86216355; META: 0.078688; MSFT: 0.619013778; NFLX: 0.176702; NVDA: 0.482184; PYPL: 3.600828; SPY: 1; TSLA: 0.634534999; V: 0.847179708,550.28,546.67,547.77,16413025
2024-06-28 16:47:02,100048.36,97903.11,AAPL: 1.216822769; AMZN: 0.526665333; GOOG: 0.86216355; META: 0.097862; MSFT: 0.619013778; NFLX: 0.176702; NVDA: 0.482184; PYPL: 3.600828; SPY: 1; TSLA: 0.634534999; V: 0.847179708,550.28,546.67,547.77,16413025
2024-06-28 16:47:03,100048.38,97913.21,AAPL: 1.216822769; AMZN: 0.526665333; GOOG: 0.86216355; META: 0.097862; MSFT: 0.619013778; NFLX: 0.176702; NVDA: 0.482184; PYPL: 3.600828; SPY: 1; TSLA: 0.584047999; V: 0.847179708,550.28,546.67,547.77,16413025
2024-06-28 16:48:01,100048.44,97903.12,AAPL: 1.216822769; AMZN: 0.526665333; GOOG: 0.86216355; META: 0.097862; MSFT: 0.619013778; NFLX: 0.176702; NVDA: 0.482184; PYPL: 3.600828; SPY: 1; TSLA: 0.634534999; V: 0.847179708,550.28,546.67,547.705,16468937
2024-06-28 16:48:01,100048.47,97893.28,AAPL: 1.216822769; AMZN: 0.576949333; GOOG: 0.86216355; META: 0.097862; MSFT: 0.619013778; NFLX: 0.176702; NVDA: 0.482184; PYPL: 3.600828; SPY: 1; TSLA: 0.634534999; V: 0.847179708,550.28,546.67,547.705,16468937
2024-06-28 16:48:02,100048.48,97903.22,AAPL: 1.216822769; AMZN: 0.576949333; GOOG: 0.86216355; META: 0.097862; MSFT: 0.619013778; NFLX: 0.176702; NVDA: 0.482184; PYPL: 3.600828; SPY: 1; TSLA: 0.634534999; V: 0.809870708,550.28,546.67,547.705,16468937
2024-06-28 16:49:01,100048.81,97913.21,AAPL: 1.216822769; AMZN: 0.576949333; GOOG: 0.86216355; META: 0.097862; MSFT: 0.596972778; NFLX: 0.176702; NVDA: 0.482184; PYPL: 3.600828; SPY: 1; TSLA: 0.634534999; V: 0.809870708,550.28,546.67,547.73,16506600
2024-06-28 16:49:02,100048.85,97903.32,AAPL: 1.216822769; AMZN: 0.576949333; GOOG: 0.91544855; META: 0.097862; MSFT: 0.596972778; NFLX: 0.176702; NVDA: 0.482184; PYPL: 3.600828; SPY: 1; TSLA: 0.634534999; V: 0.809870708,550.28,546.67,547.73,16506600
2024-06-28 16:49:03,100048.81,97893.43,AAPL: 1.216822769; AMZN: 0.576949333; GOOG: 0.91544855; META: 0.117036; MSFT: 0.596972778; NFLX: 0.176702; NVDA: 0.482184; PYPL: 3.600828; SPY: 1; TSLA: 0.634534999; V: 0.809870708,550.28,546.67,547.73,16506600
2024-06-28 16:50:01,100048.51,97903.36,AAPL: 1.216822769; AMZN: 0.576949333; GOOG: 0.91544855; META: 0.117036; MSFT: 0.596972778; NFLX: 0.176702; NVDA: 0.482184; PYPL: 3.600828; SPY: 1; TSLA: 0.634534999; V: 0.772561708,550.28,546.67,547.69,16539028
2024-06-28 16:50:01,100048.73,97913.2,AAPL: 1.216822769; AMZN: 0.526665333; GOOG: 0.91544855; META: 0.117036; MSFT: 0.596972778; NFLX: 0.176702; NVDA: 0.482184; PYPL: 3.600828; SPY: 1; TSLA: 0.634534999; V: 0.772561708,550.28,546.67,547.69,16539028
2024-06-28 16:50:02,100048.7,97903.08,AAPL: 1.216822769; AMZN: 0.526665333; GOOG: 0.91544855; META: 0.117036; MSFT: 0.596972778; NFLX: 0.176702; NVDA: 0.562351; PYPL: 3.600828; SPY: 1; TSLA: 0.634534999; V: 0.772561708,550.28,546.67,547.69,16539028
2024-06-28 16:50:03,100048.73,97893.08,AAPL: 1.216822769; AMZN: 0.526665333; GOOG: 0.91544855; META: 0.117036; MSFT: 0.619013778; NFLX: 0.176702; NVDA: 0.562351; PYPL: 3.600828; SPY: 1; TSLA: 0.634534999; V: 0.772561708,550.28,546.67,547.69,16539028
2024-06-28 16:51:01,100050.01,97883.19,AAPL: 1.216822769; AMZN: 0.526665333; GOOG: 0.96873355; META: 0.117036; MSFT: 0.619013778; NFLX: 0.176702; NVDA: 0.562351; PYPL: 3.600828; SPY: 1; TSLA: 0.634534999; V: 0.772561708,550.28,546.67,547.93,16615782
2024-06-28 16:51:01,100050.02,97873.19,AAPL: 1.263409769; AMZN: 0.526665333; GOOG: 0.96873355; META: 0.117036; MSFT: 0.619013778; NFLX: 0.176702; NVDA: 0.562351; PYPL: 3.600828; SPY: 1; TSLA: 0.634534999; V: 0.772561708,550.28,546.67,547.93,16615782
2024-06-28 16:51:02,100050.01,97863.29,AAPL: 1.263409769; AMZN: 0.526665333; GOOG: 0.96873355; META: 0.117036; MSFT: 0.619013778; NFLX: 0.191258; NVDA: 0.562351; PYPL: 3.600828; SPY: 1; TSLA: 0.634534999; V: 0.772561708,550.28,546.67,547.93,16615782
2024-06-28 16:51:03,100049.92,97853.17,AAPL: 1.263409769; AMZN: 0.526665333; GOOG: 0.96873355; META: 0.117036; MSFT: 0.619013778; NFLX: 0.191258; NVDA: 0.562351; PYPL: 3.600828; SPY: 1; TSLA: 0.685021999; V: 0.772561708,550.28,546.67,547.93,16615782
2024-06-28 16:51:03,100049.87,97843.26,AAPL: 1.263409769; AMZN: 0.526665333; GOOG: 0.96873355; META: 0.117036; MSFT: 0.619013778; NFLX: 0.191258; NVDA: 0.562351; PYPL: 3.771331; SPY: 1; TSLA: 0.685021999; V: 0.772561708,550.28,546.67,547.93,16615782
2024-06-28 16:51:04,100049.82,97833.26,AAPL: 1.263409769; AMZN: 0.526665333; GOOG: 0.96873355; META: 0.117036; MSFT: 0.641054778; NFLX: 0.191258; NVDA: 0.562351; PYPL: 3.771331; SPY: 1; TSLA: 0.685021999; V: 0.772561708,550.28,546.67,547.93,16615782
2024-06-28 16:51:05,100049.86,97823.13,AAPL: 1.263409769; AMZN: 0.526665333; GOOG: 0.96873355; META: 0.117036; MSFT: 0.641054778; NFLX: 0.191258; NVDA: 0.642518; PYPL: 3.771331; SPY: 1; TSLA: 0.685021999; V: 0.772561708,550.28,546.67,547.93,16615782
2024-06-28 16:52:01,100049.54,97833.02,AAPL: 1.263409769; AMZN: 0.526665333; GOOG: 0.96873355; META: 0.097862; MSFT: 0.641054778; NFLX: 0.191258; NVDA: 0.642518; PYPL: 3.771331; SPY: 1; TSLA: 0.685021999; V: 0.772561708,550.28,546.67,547.91,16655259
2024-06-28 16:52:02,100049.55,97842.92,AAPL: 1.263409769; AMZN: 0.526665333; GOOG: 0.96873355; META: 0.097862; MSFT: 0.641054778; NFLX: 0.191258; NVDA: 0.642518; PYPL: 3.600828; SPY: 1; TSLA: 0.685021999; V: 0.772561708,550.28,546.67,547.91,16655259
2024-06-28 17:24:01,100042.88,97832.93,AAPL: 1.309996769; AMZN: 0.526665333; GOOG: 0.96873355; META: 0.097862; MSFT: 0.641054778; NFLX: 0.191258; NVDA: 0.642518; PYPL: 3.600828; SPY: 1; TSLA: 0.685021999; V: 0.772561708,550.28,546.21,546.67,18853903
2024-06-28 17:24:02,100042.8,97822.94,AAPL: 1.309996769; AMZN: 0.526665333; GOOG: 0.96873355; META: 0.097862; MSFT: 0.641054778; NFLX: 0.191258; NVDA: 0.642518; PYPL: 3.600828; SPY: 1; TSLA: 0.735508999; V: 0.772561708,550.28,546.21,546.67,18853903
2024-06-28 17:25:01,100042.11,97832.84,AAPL: 1.309996769; AMZN: 0.526665333; GOOG: 0.96873355; META: 0.097862; MSFT: 0.641054778; NFLX: 0.191258; NVDA: 0.642518; PYPL: 3.600828; SPY: 1; TSLA: 0.735508999; V: 0.735252708,550.28,546.21,546.63,18892621
2024-06-28 17:25:02,100042.08,97842.83,AAPL: 1.309996769; AMZN: 0.526665333; GOOG: 0.96873355; META: 0.097862; MSFT: 0.641054778; NFLX: 0.191258; NVDA: 0.642518; PYPL: 3.600828; SPY: 1; TSLA: 0.685021999; V: 0.735252708,550.28,546.21,546.63,18892621
2024-06-28 17:25:03,100041.98,97852.81,AAPL: 1.309996769; AMZN: 0.526665333; GOOG: 0.96873355; META: 0.097862; MSFT: 0.619013778; NFLX: 0.191258; NVDA: 0.642518; PYPL: 3.600828; SPY: 1; TSLA: 0.685021999; V: 0.735252708,550.28,546.21,546.63,18892621
2024-06-28 17:26:01,100042.29,97862.73,AAPL: 1.309996769; AMZN: 0.526665333; GOOG: 0.96873355; META: 0.097862; MSFT: 0.619013778; NFLX: 0.191258; NVDA: 0.642518; PYPL: 3.600828; SPY: 1; TSLA: 0.685021999; V: 0.697943708,550.28,546.21,546.77,18981983
2024-06-28 17:26:01,100042.27,97852.73,AAPL: 1.309996769; AMZN: 0.526665333; GOOG: 0.96873355; META: 0.097862; MSFT: 0.619013778; NFLX: 0.191258; NVDA: 0.722685; PYPL: 3.600828; SPY: 1; TSLA: 0.685021999; V: 0.697943708,550.28,546.21,546.77,18981983
2024-06-28 17:26:02,100042.28,97842.85,AAPL: 1.309996769; AMZN: 0.526665333; GOOG: 1.02201855; META: 0.097862; MSFT: 0.619013778; NFLX: 0.191258; NVDA: 0.722685; PYPL: 3.600828; SPY: 1; TSLA: 0.685021999; V: 0.697943708,550.28,546.21,546.77,18981983
2024-06-28 17:26:03,100042.28,97852.83,AAPL: 1.309996769; AMZN: 0.526665333; GOOG: 1.02201855; META: 0.097862; MSFT: 0.619013778; NFLX: 0.191258; NVDA: 0.722685; PYPL: 3.600828; SPY: 1; TSLA: 0.634534999; V: 0.697943708,550.28,546.21,546.77,18981983
2024-06-28 17:26:03,100042.29,97862.63,AAPL: 1.309996769; AMZN: 0.476381333; GOOG: 1.02201855; META: 0.097862; MSFT: 0.619013778; NFLX: 0.191258; NVDA: 0.722685; PYPL: 3.600828; SPY: 1; TSLA: 0.634534999; V: 0.697943708,550.28,546.21,546.77,18981983
2024-06-28 17:27:01,100042.87,97872.6,AAPL: 1.309996769; AMZN: 0.476381333; GOOG: 1.02201855; META: 0.097862; MSFT: 0.619013778; NFLX: 0.191258; NVDA: 0.722685; PYPL: 3.600828; SPY: 1; TSLA: 0.584047999; V: 0.697943708,550.28,546.21,546.91,19047181
2024-06-28 17:27:02,100042.92,97862.63,AAPL: 1.356583769; AMZN: 0.476381333; GOOG: 1.02201855; META: 0.097862; MSFT: 0.619013778; NFLX: 0.191258; NVDA: 0.722685; PYPL: 3.600828; SPY: 1; TSLA: 0.584047999; V: 0.697943708,550.28,546.21,546.91,19047181
2024-06-28 17:27:03,100043,97852.83,AAPL: 1.356583769; AMZN: 0.526665333; GOOG: 1.02201855; META: 0.097862; MSFT: 0.619013778; NFLX: 0.191258; NVDA: 0.722685; PYPL: 3.600828; SPY: 1; TSLA: 0.584047999; V: 0.697943708,550.28,546.21,546.91,19047181
2024-06-28 17:27:03,100042.97,97842.83,AAPL: 1.356583769; AMZN: 0.526665333; GOOG: 1.02201855; META: 0.097862; MSFT: 0.619013778; NFLX: 0.191258; NVDA: 0.802852; PYPL: 3.600828; SPY: 1; TSLA: 0.584047999; V: 0.697943708,550.28,546.21,546.91,19047181
2024-06-28 17:28:01,100043.25,97852.79,AAPL: 1.356583769; AMZN: 0.526665333; GOOG: 1.02201855; META: 0.097862; MSFT: 0.619013778; NFLX: 0.191258; NVDA: 0.802852; PYPL: 3.600828; SPY: 1; TSLA: 0.533560999; V: 0.697943708,550.28,546.21,547.03,19112411
2024-06-28 17:28:01,100043.31,97842.89,AAPL: 1.356583769; AMZN: 0.526665333; GOOG: 1.02201855; META: 0.097862; MSFT: 0.619013778; NFLX: 0.191258; NVDA: 0.802852; PYPL: 3.771331; SPY: 1; TSLA: 0.533560999; V: 0.697943708,550.28,546.21,547.03,19112411
2024-06-28 17:28:02,100043.33,97833.08,AAPL: 1.356583769; AMZN: 0.576949333; GOOG: 1.02201855; META: 0.097862; MSFT: 0.619013778; NFLX: 0.191258; NVDA: 0.802852; PYPL: 3.771331; SPY: 1; TSLA: 0.533560999; V: 0.697943708,550.28,546.21,547.03,19112411
2024-06-28 17:28:03,100043.34,97843.08,AAPL: 1.356583769; AMZN: 0.576949333; GOOG: 1.02201855; META: 0.097862; MSFT: 0.619013778; NFLX: 0.191258; NVDA: 0.722685; PYPL: 3.771331; SPY: 1; TSLA: 0.533560999; V: 0.697943708,550.28,546.21,547.03,19112411
2024-06-28 17:29:01,100043.2,97853.05,AAPL: 1.309996769; AMZN: 0.576949333; GOOG: 1.02201855; META: 0.097862; MSFT: 0.619013778; NFLX: 0.191258; NVDA: 0.722685; PYPL: 3.771331; SPY: 1; TSLA: 0.533560999; V: 0.697943708,550.28,546.21,547,19181041
2024-06-28 17:29:01,100043.19,97843.23,AAPL: 1.309996769; AMZN: 0.627233333; GOOG: 1.02201855; META: 0.097862; MSFT: 0.619013778; NFLX: 0.191258; NVDA: 0.722685; PYPL: 3.771331; SPY: 1; TSLA: 0.533560999; V: 0.697943708,550.28,546.21,547,19181041
2024-06-28 17:29:02,100043.19,97853.21,AAPL: 1.309996769; AMZN: 0.627233333; GOOG: 1.02201855; META: 0.097862; MSFT: 0.596972778; NFLX: 0.191258; NVDA: 0.722685; PYPL: 3.771331; SPY: 1; TSLA: 0.533560999; V: 0.697943708,550.28,546.21,547,19181041
2024-06-28 17:29:03,100043.29,97863.21,AAPL: 1.309996769; AMZN: 0.627233333; GOOG: 1.02201855; META: 0.097862; MSFT: 0.596972778; NFLX: 0.191258; NVDA: 0.642518; PYPL: 3.771331; SPY: 1; TSLA: 0.533560999; V: 0.697943708,550.28,546.21,547,19181041
2024-06-28 17:29:04,100043.21,97853.23,AAPL: 1.309996769; AMZN: 0.627233333; GOOG: 1.02201855; META: 0.097862; MSFT: 0.596972778; NFLX: 0.191258; NVDA: 0.642518; PYPL: 3.771331; SPY: 1; TSLA: 0.584047999; V: 0.697943708,550.28,546.21,547,19181041
2024-06-28 17:30:01,100042.83,97863.19,AAPL: 1.263409769; AMZN: 0.627233333; GOOG: 1.02201855; META: 0.097862; MSFT: 0.596972778; NFLX: 0.191258; NVDA: 0.642518; PYPL: 3.771331; SPY: 1; TSLA: 0.584047999; V: 0.697943708,550.28,546.21,546.97,19226937
2024-06-28 17:30:02,100042.9,97873.16,AAPL: 1.263409769; AMZN: 0.627233333; GOOG: 1.02201855; META: 0.097862; MSFT: 0.596972778; NFLX: 0.191258; NVDA: 0.642518; PYPL: 3.771331; SPY: 1; TSLA: 0.533560999; V: 0.697943708,550.28,546.21,546.97,19226937
2024-06-28 17:31:01,100042.57,97883.07,AAPL: 1.263409769; AMZN: 0.627233333; GOOG: 1.02201855; META: 0.097862; MSFT: 0.596972778; NFLX: 0.191258; NVDA: 0.642518; PYPL: 3.771331; SPY: 1; TSLA: 0.533560999; V: 0.660634708,550.28,546.21,546.97,19284436
2024-06-28 17:31:02,100042.64,97873.11,AAPL: 1.309996769; AMZN: 0.627233333; GOOG: 1.02201855; META: 0.097862; MSFT: 0.596972778; NFLX: 0.191258; NVDA: 0.642518; PYPL: 3.771331; SPY: 1; TSLA: 0.533560999; V: 0.660634708,550.28,546.21,546.97,19284436
2024-06-28 17:31:02,100042.64,97863.23,AAPL: 1.309996769; AMZN: 0.627233333; GOOG: 1.07530355; META: 0.097862; MSFT: 0.596972778; NFLX: 0.191258; NVDA: 0.642518; PYPL: 3.771331; SPY: 1; TSLA: 0.533560999; V: 0.660634708,550.28,546.21,546.97,19284436
2024-06-28 17:31:03,100042.64,97853.32,AAPL: 1.309996769; AMZN: 0.627233333; GOOG: 1.07530355; META: 0.097862; MSFT: 0.596972778; NFLX: 0.191258; NVDA: 0.642518; PYPL: 3.941834; SPY: 1; TSLA: 0.533560999; V: 0.660634708,550.28,546.21,546.97,19284436
2024-06-28 17:31:04,100042.63,97863.13,AAPL: 1.309996769; AMZN: 0.576949333; GOOG: 1.07530355; META: 0.097862; MSFT: 0.596972778; NFLX: 0.191258; NVDA: 0.642518; PYPL: 3.941834; SPY: 1; TSLA: 0.533560999; V: 0.660634708,550.28,546.21,546.97,19284436
2024-06-28 17:32:01,100042.51,97872.94,AAPL: 1.309996769; AMZN: 0.526665333; GOOG: 1.07530355; META: 0.097862; MSFT: 0.596972778; NFLX: 0.191258; NVDA: 0.642518; PYPL: 3.941834; SPY: 1; TSLA: 0.533560999; V: 0.660634708,550.28,546.21,546.96,19433474
2024-06-28 17:32:01,100042.51,97882.92,AAPL: 1.309996769; AMZN: 0.526665333; GOOG: 1.07530355; META: 0.097862; MSFT: 0.574931778; NFLX: 0.191258; NVDA: 0.642518; PYPL: 3.941834; SPY: 1; TSLA: 0.533560999; V: 0.660634708,550.28,546.21,546.96,19433474
2024-06-28 17:32:02,100042.51,97892.87,AAPL: 1.263409769; AMZN: 0.526665333; GOOG: 1.07530355; META: 0.097862; MSFT: 0.574931778; NFLX: 0.191258; NVDA: 0.642518; PYPL: 3.941834; SPY: 1; TSLA: 0.533560999; V: 0.660634708,550.28,546.21,546.96,19433474
2024-06-28 17:32:03,100042.52,97902.78,AAPL: 1.263409769; AMZN: 0.526665333; GOOG: 1.07530355; META: 0.097862; MSFT: 0.574931778; NFLX: 0.191258; NVDA: 0.642518; PYPL: 3.771331; SPY: 1; TSLA: 0.533560999; V: 0.660634708,550.28,546.21,546.96,19433474
2024-06-28 17:32:03,100042.49,97912.74,AAPL: 1.263409769; AMZN: 0.526665333; GOOG: 1.07530355; META: 0.097862; MSFT: 0.574931778; NFLX: 0.191258; NVDA: 0.642518; PYPL: 3.771331; SPY: 1; TSLA: 0.483073999; V: 0.660634708,550.28,546.21,546.96,19433474
2024-06-28 17:33:01,100041.67,97922.69,AAPL: 1.216822769; AMZN: 0.526665333; GOOG: 1.07530355; META: 0.097862; MSFT: 0.574931778; NFLX: 0.191258; NVDA: 0.642518; PYPL: 3.771331; SPY: 1; TSLA: 0.483073999; V: 0.660634708,550.28,546.21,546.84,19484849
2024-06-28 17:33:01,100041.56,97912.78,AAPL: 1.216822769; AMZN: 0.526665333; GOOG: 1.07530355; META: 0.097862; MSFT: 0.574931778; NFLX: 0.191258; NVDA: 0.642518; PYPL: 3.941834; SPY: 1; TSLA: 0.483073999; V: 0.660634708,550.28,546.21,546.84,19484849
2024-06-28 17:33:03,100041.49,97922.75,AAPL: 1.216822769; AMZN: 0.526665333; GOOG: 1.07530355; META: 0.097862; MSFT: 0.574931778; NFLX: 0.191258; NVDA: 0.562351; PYPL: 3.941834; SPY: 1; TSLA: 0.483073999; V: 0.660634708,550.28,546.21,546.84,19484849
2024-06-28 17:34:01,100040.39,97932.65,AAPL: 1.216822769; AMZN: 0.526665333; GOOG: 1.07530355; META: 0.097862; MSFT: 0.574931778; NFLX: 0.191258; NVDA: 0.562351; PYPL: 3.771331; SPY: 1; TSLA: 0.483073999; V: 0.660634708,550.28,546.21,546.61,19550867
2024-06-28 17:34:02,100040.35,97942.53,AAPL: 1.216822769; AMZN: 0.526665333; GOOG: 1.02201855; META: 0.097862; MSFT: 0.574931778; NFLX: 0.191258; NVDA: 0.562351; PYPL: 3.771331; SPY: 1; TSLA: 0.483073999; V: 0.660634708,550.28,546.21,546.61,19550867
2024-06-28 17:34:03,100040.07,97952.32,AAPL: 1.216822769; AMZN: 0.476381333; GOOG: 1.02201855; META: 0.097862; MSFT: 0.574931778; NFLX: 0.191258; NVDA: 0.562351; PYPL: 3.771331; SPY: 1; TSLA: 0.483073999; V: 0.660634708,550.28,546.21,546.61,19550867
2024-06-28 17:35:01,100040.14,97942.4,AAPL: 1.216822769; AMZN: 0.476381333; GOOG: 1.02201855; META: 0.097862; MSFT: 0.574931778; NFLX: 0.191258; NVDA: 0.562351; PYPL: 3.771331; SPY: 1; TSLA: 0.483073999; V: 0.697943708,550.28,546.21,546.61,19646457
2024-06-28 17:35:01,100040.12,97932.46,AAPL: 1.216822769; AMZN: 0.476381333; GOOG: 1.02201855; META: 0.097862; MSFT: 0.574931778; NFLX: 0.191258; NVDA: 0.642518; PYPL: 3.771331; SPY: 1; TSLA: 0.483073999; V: 0.697943708,550.28,546.21,546.61,19646457
2024-06-28 17:35:02,100040.02,97942.24,AAPL: 1.216822769; AMZN: 0.426097333; GOOG: 1.02201855; META: 0.097862; MSFT: 0.574931778; NFLX: 0.191258; NVDA: 0.642518; PYPL: 3.771331; SPY: 1; TSLA: 0.483073999; V: 0.697943708,550.28,546.21,546.61,19646457
2024-06-28 17:35:03,100040.05,97952.09,AAPL: 1.216822769; AMZN: 0.426097333; GOOG: 1.02201855; META: 0.097862; MSFT: 0.574931778; NFLX: 0.176702; NVDA: 0.642518; PYPL: 3.771331; SPY: 1; TSLA: 0.483073999; V: 0.697943708,550.28,546.21,546.61,19646457
2024-06-28 17:35:04,100040.11,97961.97,AAPL: 1.216822769; AMZN: 0.426097333; GOOG: 0.96873355; META: 0.097862; MSFT: 0.574931778; NFLX: 0.176702; NVDA: 0.642518; PYPL: 3.771331; SPY: 1; TSLA: 0.483073999; V: 0.697943708,550.28,546.21,546.61,19646457
2024-06-28 17:35:04,100040.2,97951.99,AAPL: 1.216822769; AMZN: 0.426097333; GOOG: 0.96873355; META: 0.097862; MSFT: 0.596972778; NFLX: 0.176702; NVDA: 0.642518; PYPL: 3.771331; SPY: 1; TSLA: 0.483073999; V: 0.697943708,550.28,546.21,546.61,19646457
2024-06-28 19:14:01,100042.4,97961.82,AAPL: 1.216822769; AMZN: 0.375813333; GOOG: 0.96873355; META: 0.097862; MSFT: 0.596972778; NFLX: 0.176702; NVDA: 0.642518; PYPL: 3.771331; SPY: 1; TSLA: 0.483073999; V: 0.697943708,550.28,545.49,546.41,28427555
2024-06-28 19:14:02,100042.31,97971.78,AAPL: 1.216822769; AMZN: 0.375813333; GOOG: 0.96873355; META: 0.097862; MSFT: 0.596972778; NFLX: 0.176702; NVDA: 0.642518; PYPL: 3.771331; SPY: 1; TSLA: 0.432586999; V: 0.697943708,550.28,545.49,546.41,28427555
2024-06-28 19:14:04,100042.36,97981.75,AAPL: 1.170235769; AMZN: 0.375813333; GOOG: 0.96873355; META: 0.097862; MSFT: 0.596972778; NFLX: 0.176702; NVDA: 0.642518; PYPL: 3.771331; SPY: 1; TSLA: 0.432586999; V: 0.697943708,550.28,545.49,546.41,28427555
2024-06-28 19:14:04,100042.36,97971.89,AAPL: 1.170235769; AMZN: 0.375813333; GOOG: 0.96873355; META: 0.117036; MSFT: 0.596972778; NFLX: 0.176702; NVDA: 0.642518; PYPL: 3.771331; SPY: 1; TSLA: 0.432586999; V: 0.697943708,550.28,545.49,546.41,28427555
2024-06-28 19:15:01,100042.76,97981.72,AAPL: 1.170235769; AMZN: 0.325529333; GOOG: 0.96873355; META: 0.117036; MSFT: 0.596972778; NFLX: 0.176702; NVDA: 0.642518; PYPL: 3.771331; SPY: 1; TSLA: 0.432586999; V: 0.697943708,550.28,545.49,546.47,28465098
2024-06-28 19:15:01,100042.76,97971.75,AAPL: 1.170235769; AMZN: 0.325529333; GOOG: 0.96873355; META: 0.117036; MSFT: 0.596972778; NFLX: 0.176702; NVDA: 0.642518; PYPL: 3.771331; SPY: 1; TSLA: 0.483073999; V: 0.697943708,550.28,545.49,546.47,28465098
2024-06-28 19:15:02,100042.72,97981.64,AAPL: 1.170235769; AMZN: 0.325529333; GOOG: 0.96873355; META: 0.117036; MSFT: 0.596972778; NFLX: 0.176702; NVDA: 0.642518; PYPL: 3.771331; SPY: 1; TSLA: 0.483073999; V: 0.660634708,550.28,545.49,546.47,28465098
2024-06-28 19:15:03,100042.68,97971.66,AAPL: 1.170235769; AMZN: 0.325529333; GOOG: 0.96873355; META: 0.117036; MSFT: 0.596972778; NFLX: 0.176702; NVDA: 0.722685; PYPL: 3.771331; SPY: 1; TSLA: 0.483073999; V: 0.660634708,550.28,545.49,546.47,28465098
2024-06-28 19:15:04,100042.66,97981.56,AAPL: 1.170235769; AMZN: 0.325529333; GOOG: 0.91544855; META: 0.117036; MSFT: 0.596972778; NFLX: 0.176702; NVDA: 0.722685; PYPL: 3.771331; SPY: 1; TSLA: 0.483073999; V: 0.660634708,550.28,545.49,546.47,28465098
2024-06-28 19:16:01,100042.35,97991.54,AAPL: 1.170235769; AMZN: 0.325529333; GOOG: 0.91544855; META: 0.117036; MSFT: 0.596972778; NFLX: 0.176702; NVDA: 0.642518; PYPL: 3.771331; SPY: 1; TSLA: 0.483073999; V: 0.660634708,550.28,545.49,546.44,28629554
2024-06-28 19:16:02,100042.34,97981.57,AAPL: 1.170235769; AMZN: 0.325529333; GOOG: 0.91544855; META: 0.117036; MSFT: 0.596972778; NFLX: 0.176702; NVDA: 0.642518; PYPL: 3.771331; SPY: 1; TSLA: 0.533560999; V: 0.660634708,550.28,545.49,546.44,28629554
2024-06-28 19:17:01,100042.42,97991.47,AAPL: 1.170235769; AMZN: 0.325529333; GOOG: 0.86216355; META: 0.117036; MSFT: 0.596972778; NFLX: 0.176702; NVDA: 0.642518; PYPL: 3.771331; SPY: 1; TSLA: 0.533560999; V: 0.660634708,550.28,545.49,546.46,28671055
2024-06-28 19:17:01,100042.38,97981.46,AAPL: 1.170235769; AMZN: 0.325529333; GOOG: 0.86216355; META: 0.117036; MSFT: 0.619013778; NFLX: 0.176702; NVDA: 0.642518; PYPL: 3.771331; SPY: 1; TSLA: 0.533560999; V: 0.660634708,550.28,545.49,546.46,28671055
2024-06-28 19:17:02,100042.38,97991.43,AAPL: 1.170235769; AMZN: 0.325529333; GOOG: 0.86216355; META: 0.117036; MSFT: 0.619013778; NFLX: 0.176702; NVDA: 0.562351; PYPL: 3.771331; SPY: 1; TSLA: 0.533560999; V: 0.660634708,550.28,545.49,546.46,28671055
2024-06-28 19:17:03,100042.34,97981.46,AAPL: 1.170235769; AMZN: 0.325529333; GOOG: 0.86216355; META: 0.117036; MSFT: 0.619013778; NFLX: 0.176702; NVDA: 0.562351; PYPL: 3.771331; SPY: 1; TSLA: 0.584047999; V: 0.660634708,550.28,545.49,546.46,28671055
2024-06-28 19:18:02,100042.08,97991.42,AAPL: 1.170235769; AMZN: 0.325529333; GOOG: 0.86216355; META: 0.117036; MSFT: 0.619013778; NFLX: 0.176702; NVDA: 0.482184; PYPL: 3.771331; SPY: 1; TSLA: 0.584047999; V: 0.660634708,550.28,545.49,546.32,28725415
2024-06-28 19:18:02,100042.08,98001.38,AAPL: 1.123648769; AMZN: 0.325529333; GOOG: 0.86216355; META: 0.117036; MSFT: 0.619013778; NFLX: 0.176702; NVDA: 0.482184; PYPL: 3.771331; SPY: 1; TSLA: 0.584047999; V: 0.660634708,550.28,545.49,546.32,28725415
2024-06-28 19:18:03,100042.09,98011.28,AAPL: 1.123648769; AMZN: 0.325529333; GOOG: 0.80887855; META: 0.117036; MSFT: 0.619013778; NFLX: 0.176702; NVDA: 0.482184; PYPL: 3.771331; SPY: 1; TSLA: 0.584047999; V: 0.660634708,550.28,545.49,546.32,28725415
2024-06-28 19:18:04,100042.08,98001.35,AAPL: 1.123648769; AMZN: 0.325529333; GOOG: 0.80887855; META: 0.117036; MSFT: 0.619013778; NFLX: 0.176702; NVDA: 0.482184; PYPL: 3.941834; SPY: 1; TSLA: 0.584047999; V: 0.660634708,550.28,545.49,546.32,28725415
2024-06-28 20:23:02,100034.64,98197.15,AAPL: 1.077061769; AMZN: 0.023825333; GOOG: 0.70230855; META: 0.078688; MSFT: 0.596972778; NFLX: 0.176702; NVDA: 0.963186; PYPL: 3.259822; SPY: 1; TSLA: 0.533560999; V: 0.324853708,550.28,544.58,544.8,38451046
2024-06-28 20:27:01,100034.49,98177.61,AAPL: 1.170235769; AMZN: 0.074109333; GOOG: 0.70230855; META: 0.078688; MSFT: 0.574931778; NFLX: 0.176702; NVDA: 0.963186; PYPL: 3.089319; SPY: 1; TSLA: 0.533560999; V: 0.362162708,550.28,544.58,544.78,39610796
2024-06-28 20:31:01,100033.95,98167.42,AAPL: 1.170235769; AMZN: 0.023825333; GOOG: 0.75559355; META: 0.059514; MSFT: 0.596972778; NFLX: 0.176702; NVDA: 0.963186; PYPL: 3.259822; SPY: 1; TSLA: 0.533560999; V: 0.362162708,550.28,544.58,544.7301,40236657
2024-06-28 20:35:01,100030.26,98207.02,AAPL: 1.170235769; AMZN: 0.023825333; GOOG: 0.70230855; META: 0.04034; MSFT: 0.574931778; NFLX: 0.176702; NVDA: 0.963186; PYPL: 3.089319; SPY: 1; TSLA: 0.483073999; V: 0.399471708,550.28,542.95,543.83,41805373
2024-06-28 20:39:01,100032.91,98059.06,AAPL: 1.263409769; AMZN: 0.124393333; GOOG: 0.70230855; META: 0.059514; MSFT: 0.641054778; NFLX: 0.191258; NVDA: 1.203687; PYPL: 3.430325; SPY: 1; TSLA: 0.483073999; V: 0.436780708,550.28,542.95,544.56,43071827
2024-06-28 20:43:01,100035.04,97989.81,AAPL: 1.263409769; AMZN: 0.174677333; GOOG: 0.75559355; META: 0.078688; MSFT: 0.663095778; NFLX: 0.205814; NVDA: 1.283854; PYPL: 3.771331; SPY: 1; TSLA: 0.533560999; V: 0.362162708,550.28,542.95,545.01,44254556
2024-06-28 20:47:01,100035.52,98019.04,AAPL: 1.263409769; AMZN: 0.124393333; GOOG: 0.70230855; META: 0.078688; MSFT: 0.663095778; NFLX: 0.205814; NVDA: 1.364021; PYPL: 3.430325; SPY: 1; TSLA: 0.584047999; V: 0.324853708,550.28,542.95,545.1,45508362
2024-06-28 20:51:01,100035.66,98018.65,AAPL: 1.216822769; AMZN: 0.224961333; GOOG: 0.59573855; META: 0.04034; MSFT: 0.663095778; NFLX: 0.205814; NVDA: 1.604522; PYPL: 3.941834; SPY: 1; TSLA: 0.533560999; V: 0.250235708,550.28,542.95,545.38,47593657
2024-06-28 20:55:01,100030.7,97979.44,AAPL: 1.170235769; AMZN: 0.224961333; GOOG: 0.64902355; META: 0.04034; MSFT: 0.663095778; NFLX: 0.234926; NVDA: 1.444188; PYPL: 3.941834; SPY: 1; TSLA: 0.634534999; V: 0.324853708,550.28,542.95,544.485,51069961
2024-06-28 20:59:01,100027.63,97920.34,AAPL: 1.216822769; AMZN: 0.224961333; GOOG: 0.70230855; META: 0.04034; MSFT: 0.663095778; NFLX: 0.234926; NVDA: 1.364021; PYPL: 4.28284; SPY: 1; TSLA: 0.685021999; V: 0.399471708,550.28,542.95,544.3,56290086
2024-06-28 21:45:53,100029.5,97950.03,AAPL: 1.216822769; AMZN: 0.224961333; GOOG: 0.64902355; META: 0.059514; MSFT: 0.641054778; NFLX: 0.22037; NVDA: 1.364021; PYPL: 4.112337; SPY: 1; TSLA: 0.685021999; V: 0.399471708,550.28,542.95,544.22,75438086
